,dissimilarity,contrast,homogeneity,energy,ASM,correlation,Label
0,6.840185744917202,204.1256361569661,0.31372148931945415,0.09696028302951043,0.009401296485162768,0.8949450216090933,0.0
1,8.541999276654009,335.2207174042212,0.277447240108734,0.09368311956657731,0.00877652689172562,0.9121477494020591,0.0
2,7.18197318453073,301.578831796223,0.31818212368627713,0.10444858019429629,0.010909505904604343,0.8875623266729651,0.0
3,6.197492831124546,224.19288150042627,0.33117691676459854,0.1039185579415105,0.010799066684643074,0.9140017930900621,0.0
4,8.765874861143406,576.1000736262886,0.3072710947022902,0.1129966339632537,0.01276823928702554,0.8884281776530334,0.0
5,7.50502467126508,267.340799297321,0.2974987244642747,0.12185764982227829,0.014849286820208998,0.9135007309342594,0.0
6,7.4837570074142965,261.80423803249886,0.2999917071092561,0.1225642748871069,0.015022001478602304,0.9076054962579071,0.0
7,9.541004675915161,484.8839610943191,0.2687422227302867,0.09155258102439244,0.008381875092227943,0.8849060877869972,0.0
8,9.763750032292231,601.122116303702,0.2783756342204946,0.09938232521588501,0.009876846565315935,0.8858223942936081,0.0
9,9.188696427187475,437.59905319176414,0.2784137056921138,0.10078800922018988,0.01015822280256908,0.8812212811466837,0.0
10,9.682857991681523,507.41843628096836,0.2734719573791971,0.09276155783482898,0.008604706611944322,0.8750580009178854,0.0
11,9.780677620191687,753.1064287375032,0.3134509230019773,0.13298744729457582,0.01768566113792758,0.8753229929201026,0.0
12,8.400055542638663,408.71155932728834,0.29777676569484396,0.1163363859214853,0.013534154689272763,0.8996592225711796,0.0
13,8.077959905965022,374.2302371541502,0.30812180588852955,0.11869150376254743,0.014087673065414813,0.9088628526995028,0.0
14,9.481580510992275,692.5432070061225,0.2906229579983354,0.09244068147349027,0.008545279591283287,0.8703482558508127,0.0
15,8.224114547004573,430.0915355602058,0.2912659071044484,0.09791823961164542,0.009587981648643606,0.9114112831705107,0.0
16,8.63697718876747,427.35184969903634,0.2922563387544093,0.09671259664288032,0.009353326349408466,0.8905439321413093,0.0
17,8.40232245730967,327.69818388488466,0.28026412228618863,0.09187808894258159,0.008441583227740933,0.8985004121495095,0.0
18,10.439032266397994,665.4125397194452,0.297429579509441,0.1438742579831213,0.020699802110193746,0.8870597003119562,0.0
19,9.507653258932029,492.6307124958021,0.28904970275255754,0.11876866968413952,0.014105996898540241,0.8928656360972258,0.0
20,8.36410783022036,449.47651063060255,0.29738431379423325,0.11516306484448936,0.013262531504376063,0.8729169158739817,0.0
21,8.128639334521688,425.9717507556384,0.30989835299020785,0.1174658872052889,0.013798234656925656,0.8785759841489396,0.0
22,8.349918623575915,484.93148880105406,0.315037390330767,0.11234342768686076,0.012621045744432912,0.9050583275423174,0.0
23,8.40111472784107,483.8858340437625,0.3135055106904791,0.11262185293352389,0.012683681758180283,0.9049260959129674,0.0
24,9.170464233124077,512.120140019117,0.2874462359554999,0.10174346433729689,0.010351732535354803,0.8681852840051095,0.0
25,9.505922395308582,568.9545777467773,0.2888283296887283,0.10120363554700594,0.010242175847931204,0.8690651271395521,0.0
26,10.045480379239969,838.2907721718462,0.31538113213482943,0.13451078998391444,0.018093152622096736,0.8657109917605058,0.0
27,9.810967733602004,843.2186507013873,0.3234724048188218,0.11575085721482754,0.013398260945967393,0.8691677110162604,0.0
28,9.008673693456302,535.0887325944869,0.2961159188526247,0.11162530611564705,0.012460208965411912,0.8761237824416982,0.0
29,8.337757369087292,400.5255302384458,0.3060329024321312,0.11696149250989907,0.013679990730143176,0.902952400848632,0.0
30,7.9278139450773715,472.4778927381228,0.31781581711404505,0.11249961970097694,0.01265616443286444,0.9185302720207752,0.0
31,6.6528132992327365,450.7169327546565,0.3863438442497325,0.1175861125452417,0.013826493863502248,0.8881629975048998,0.0
32,5.819777054431786,147.88111937792243,0.3347456756928263,0.127117424111341,0.016158839512702534,0.9324124738763822,0.0
33,6.926057247668499,223.44704719832598,0.3065176493157837,0.12206859929752692,0.01490074293446019,0.9309177988118216,0.0
34,8.587595907928387,527.1991720271773,0.314598673729162,0.11340776973096513,0.01286132223535161,0.9084501264347328,0.0
35,8.491410266346328,476.8230773205199,0.3052742550512074,0.10971140738025963,0.012036592909357286,0.9132158386005725,0.0
36,7.524283758299105,251.2636337802578,0.3056183964123467,0.10757160826790979,0.011571650905344639,0.9031507282565181,0.0
37,9.147975922911984,414.96202433542584,0.28114160051250553,0.10751361488357378,0.011559177385333417,0.9060842620190155,0.0
38,8.671381332506654,563.1534139347439,0.31321545958590835,0.11070266608159092,0.012255080277572222,0.8939784367478522,0.0
39,9.176489963574362,591.6217223384745,0.3013611621679559,0.10823935235628003,0.011715757398506945,0.904260306881831,0.0
40,8.083178330620784,384.7764408793821,0.29828907699033536,0.09820900238743713,0.009645008149935632,0.8892674194441603,0.0
41,11.021461417241467,754.6576313002142,0.27163909492525673,0.08910883864386893,0.00794038512445907,0.8072905861008117,0.0
42,7.915904569996641,414.10068072024603,0.3070482199818068,0.09777846494973481,0.00956062820792652,0.9013530243992783,0.0
43,7.724243715931696,316.1595042496577,0.3022041289915138,0.10158841162477711,0.010320205376445148,0.8633281199922136,0.0
44,7.440130202278541,336.46065514479835,0.30611554942856495,0.0955113197424836,0.009122412198950937,0.8999136861526257,0.0
45,9.195916970213645,486.7793730140278,0.28753855420565694,0.1002460846169612,0.010049277481030947,0.8613726404392239,0.0
46,8.066373453202099,387.3132152729339,0.30697447761607205,0.10170973931832794,0.010344871072202224,0.8713026401882328,0.0
47,6.605944354026195,307.2821953550853,0.34258179369092734,0.09634724549945158,0.009282791715331591,0.8786506556544731,0.0
48,7.7424307008706,512.946285101656,0.3308523570554151,0.09630360187792364,0.009274383734661619,0.875744807137825,0.0
49,6.762639179518975,386.2883825466946,0.3695760477169725,0.12241702313991082,0.014985927554437463,0.8881062369093704,0.0
50,6.862615929112092,354.8567904104989,0.35318453492695523,0.12077574217783203,0.014586779898606154,0.9037280558708422,0.0
51,6.951070810405849,473.2657650675554,0.3860912891152958,0.11481659519857178,0.013182850532992695,0.8943592466904107,0.0
52,8.037058565191558,590.5268929706269,0.35334847396290203,0.11386824021105,0.012965976128761384,0.8855139777368748,0.0
53,5.79008757653259,131.79172802190703,0.30467817137471054,0.09039423894574906,0.008171118434581176,0.9332577215676925,0.0
54,7.321243121754633,242.1140949133277,0.3052613161712598,0.12396540459107701,0.015367421535429415,0.9111253618036804,0.0
55,7.789951949159112,361.89646464646466,0.31224186212526467,0.11565053978983869,0.013375047353681061,0.9144176495463592,0.0
56,7.642305407011291,380.60235345785225,0.3236444694820995,0.11843882438165824,0.014027755120909282,0.9104723244185675,0.0
57,9.166970213645406,484.9256955746727,0.2851690781300183,0.09434451229886284,0.008900887000910282,0.8951045818464486,0.0
58,9.667215634606938,563.1556808494148,0.2850635691634683,0.09257866726925401,0.008570809633351243,0.8895380626993282,0.0
59,8.319932057144333,373.0468689452066,0.2949424490449885,0.11667470563628174,0.013612986935312994,0.9100096338123252,0.0
60,7.851907825053604,313.4645689632902,0.29652701999762326,0.11818505587717816,0.013967707432691726,0.9211194160997395,0.0
61,9.351688237877495,633.8608075641324,0.2993210836442426,0.10723867580937467,0.01150013358934816,0.9045221662941446,0.0
62,9.459679919398587,634.1023728331911,0.2999330712766255,0.1081035177114534,0.01168637054159052,0.899657660836628,0.0
63,10.892363533028496,1044.5081376424087,0.2824453261535553,0.09712520632779603,0.009433305704216952,0.8711093142900598,0.0
64,8.925062646929653,608.2968624867602,0.3075347731310956,0.10872549786037647,0.011821233884986728,0.9076535736616645,0.0
65,5.9767237593324545,240.14309333746672,0.36865872471794037,0.12447470844534017,0.015493953042552439,0.9185789406065574,0.0
66,6.0617298302720295,247.70789738820426,0.36132499181917155,0.12430664759391168,0.015452142636036947,0.9171409000157218,0.0
67,8.696375519904931,549.1012813557571,0.3013525236396346,0.11231959928026454,0.012615692382479204,0.918650010756531,0.0
68,9.288996099098402,675.8368144359193,0.2997778525920832,0.10831528025805277,0.011732199937380516,0.8996194715410951,0.0
69,7.425482445942805,197.21330956625079,0.2883524475202203,0.10351905475728848,0.01071619469784249,0.9287594646857313,0.0
70,9.892886667183344,493.3706437779328,0.26377578148032943,0.0908326915552792,0.00825057785517649,0.8850538393735454,0.0
71,7.926412462218089,286.13503319641427,0.28953456599572247,0.11371333540760645,0.012930722649522802,0.9019629757308889,0.0
72,10.045222041385724,580.4381539176936,0.27345669575285464,0.1108916913203522,0.012296967203888277,0.8802516415769303,0.0
73,5.729249011857706,185.71026117957058,0.35220834198623574,0.12727339003651497,0.01619851581138687,0.9104856781667671,0.0
74,6.534966028572167,217.50630344364362,0.31767182323691007,0.12295362472999613,0.015117593834244715,0.915078173061227,0.0
75,7.752899842413908,352.89091684104477,0.3051168569674673,0.11855778534107766,0.014055948464981049,0.9144237820582793,0.0
76,7.725160815314269,378.0173150946809,0.3078190529455847,0.11765177607872467,0.013841940414478369,0.9126004180681339,0.0
77,6.669831305381178,290.7895192332533,0.33137445329123627,0.12077033936355336,0.014585474869987847,0.9256893921825193,0.0
78,8.706889870572736,493.0813118396239,0.3043547859975783,0.1169346991480342,0.013673723864841269,0.8917619760513635,0.0
79,9.159801338190087,580.0996732026143,0.2995276984353995,0.11115111050275948,0.012354569365996649,0.9094275555270974,0.0
80,8.010740396290268,504.2280929499599,0.32303161864680946,0.09451482650696569,0.008933052429641824,0.8914976781089019,0.0
81,8.212902684130306,508.53280244904283,0.3185852313665595,0.09879390046437493,0.009760234768964822,0.8564746134934023,0.0
82,7.582939368105609,326.51205146090064,0.29168048517702344,0.09618233500277537,0.009251041566586108,0.9117825711322141,0.0
83,7.773560412307213,329.34493916143526,0.284937282546263,0.10000446523214494,0.010000893066367287,0.9019811966373825,0.0
84,8.273024361259655,559.9953240848381,0.3297725140190132,0.11110435617200282,0.012344177960395261,0.9007680723916591,0.0
85,8.79856105815185,556.154666873337,0.3102423889864908,0.1108987646250504,0.01229853599536233,0.9063560688630566,0.0
86,7.5356829161176995,424.3789105892686,0.317402106134287,0.09693260526376847,0.009395929963221554,0.8512010577512779,0.0
87,8.476226458963032,589.3163411609704,0.3060968109177999,0.09331559128303968,0.00870779957650331,0.8606139441901878,0.0
88,8.4473959544292,730.0481993851558,0.35356841215888285,0.10702089918292945,0.01145347286192275,0.8769033933576817,0.0
89,8.79713374150714,762.3353289932572,0.3414309526173239,0.1080268811923108,0.011669807060137632,0.8669150502759201,0.0
90,7.3988155209382835,252.70192332532486,0.3021212510119035,0.12301323768782117,0.015132256646440388,0.9190100045390875,0.0
91,7.6860420057351,222.76337544240357,0.28329212134388865,0.12249221483057851,0.015004342694100597,0.9328178454754738,0.0
92,8.116839753029012,509.8646890903924,0.31330384733600436,0.11012506767058457,0.012127530529450831,0.9207969811052824,0.0
93,8.916046655816476,669.821159161952,0.3182294851074739,0.10541444477387905,0.011112205166985198,0.9101243806386963,0.0
94,8.035353535353535,400.2373866542664,0.3033720247195972,0.11615269110839702,0.01349144765172269,0.9163982791269076,0.0
95,8.397297786044591,482.93695264667133,0.3063998441188242,0.11605788774407484,0.013469433307616277,0.905110197804216,0.0
96,7.0368066857836675,251.149119067917,0.31839716415658875,0.12200485814081452,0.014885185409960274,0.9293550418092025,0.0
97,7.84124493011961,336.01110206928627,0.30372377633932873,0.11814702349710571,0.013958719161225647,0.9085991655986518,0.0
98,8.218437572657521,419.4467049006691,0.3030337339327556,0.11355907605545482,0.01289566375456857,0.9129397518123934,0.0
99,7.707832803740732,393.7192771706839,0.31550009535244644,0.11607491158565242,0.013473385099617026,0.9126217812847268,0.0
100,9.289034849776534,667.5722248056009,0.3071404360845566,0.10998332835579745,0.01209633251621916,0.8908155864311543,0.0
101,8.939387480947584,573.2210144927535,0.309384309356343,0.11034256544519241,0.012175481749026572,0.9002140204295549,0.0
102,9.03304787000439,571.80719600093,0.29798420726932145,0.11157939150891788,0.012449960609500377,0.9013965452184642,0.0
103,8.560005425094941,428.3543943269008,0.2933448511433829,0.11552545572034115,0.013346130919392503,0.9207836409646889,0.0
104,7.728874421969052,265.97324911519286,0.29164709290907814,0.09568127833400658,0.009154907023629637,0.9149138323292926,0.0
105,9.063040894882331,487.04562892350623,0.28698068236200475,0.09750235043129912,0.009506708339627856,0.8751965202795549,0.0
106,7.749476865845154,281.639089100726,0.303257388940845,0.12124526886766024,0.014700415222791221,0.9231061866945094,0.0
107,7.323942752331499,277.99396781110346,0.3140923200327341,0.11820858735284594,0.01397327012395541,0.9198186159377648,0.0
108,8.073503577979283,395.2835580872666,0.3122014111515693,0.11674049958978291,0.013628344244472106,0.9135930763189022,0.0
109,9.081182670696736,552.3559249786871,0.2982247591597856,0.10662336592361123,0.0113685421608803,0.9043033196116426,0.0
110,7.913786199591827,611.9543710764938,0.3588515222939288,0.11023516764843694,0.012151792186478997,0.8754233719516369,0.0
111,6.285934795525589,361.86993334883357,0.3884463233888626,0.12059036992052376,0.014542037317568762,0.9006014972734349,0.0
112,6.402077036348136,430.92253739440434,0.4060600646591688,0.11924107591002239,0.014218434184179724,0.8727127160608326,0.0
113,8.271681004417578,291.22856441654403,0.2809038274807542,0.09267419746554591,0.008588506875882996,0.916872279220668,0.0
114,8.827811361698828,484.78047094990825,0.2934711028086384,0.11221143533494059,0.012591406219927553,0.9116262765860111,0.0
115,9.06213025394611,514.2326332377484,0.2910147791955413,0.10878628044489956,0.011834454813036337,0.9162218504697026,0.0
116,8.005515513188147,366.6013201064352,0.2955393558581056,0.09571158482968779,0.009160707470610522,0.88781630924968,0.0
117,9.46835361285489,694.4428685835336,0.28945201956600586,0.09340094088533868,0.00872373575826653,0.865868848144505,0.0
118,9.339158851946575,724.3231677387688,0.3050143967665239,0.10469272683612868,0.010960567052384258,0.8909658780092865,0.0
119,8.8337208401147,590.814758841613,0.32398229107418136,0.12161724440410757,0.014790754136448432,0.8946135103279306,0.0
120,9.370514609005658,865.9038401922036,0.3615056240148968,0.1434960947435633,0.0205911292066537,0.8886799042067348,0.0
121,8.665891653103927,582.7272210597018,0.3176964421157561,0.109623601129501,0.012017333924599933,0.8985377151915275,0.0
122,8.970659278204034,669.7754850293215,0.31448512079628366,0.10625442510743063,0.011290002854910585,0.8986679192375834,0.0
123,6.0739815030096365,194.004914877677,0.3259717496800059,0.09279605874347492,0.008611108518322448,0.8941985814147185,0.0
124,7.663566612415718,557.0793355550389,0.35110522191026405,0.09398862672715196,0.008833861954055904,0.8837262176031825,0.0
125,9.788686093673306,523.5149125526365,0.2665038566372336,0.09816695014798947,0.009636750101357849,0.8700583161869239,0.0
126,9.245575964246042,508.45178123950507,0.2758014859280196,0.10168995081778366,0.01034084609732326,0.8843344049306622,0.0
127,8.571585419411505,518.1637345320211,0.3067468061392409,0.1130306193167306,0.012775920903123671,0.9050828359471919,0.0
128,9.221008034307266,616.563305691183,0.2985217042585382,0.10817944966607555,0.011702793330054974,0.9004806732433569,0.0
129,8.339501149603448,376.72424371593155,0.29371725687749217,0.1195333607409465,0.01428822433002525,0.908432276240571,0.0
130,8.686054922627815,405.446356144566,0.28450763353521946,0.11582711390011628,0.01341592031443051,0.8964637279100302,0.0
131,7.445219458007181,327.86827352812,0.30534313048068845,0.12008702999570653,0.014420894773189719,0.9191938861710859,0.0
132,7.413863700948101,302.4876708259061,0.305083317223144,0.12193502575061378,0.014868150504802845,0.9207359158408472,0.0
133,7.555303676147667,312.9475380402491,0.30710482951510265,0.11952771690299126,0.014286875108041623,0.9025939741580736,0.0
134,6.500045209124492,228.24665452478752,0.3300503079828895,0.12324482631983591,0.015189287214606518,0.9233200342035242,0.0
135,7.290546126223875,311.5374525304193,0.32465989199526907,0.12182609278254294,0.014841596882660762,0.9072130567554645,0.0
136,6.0111666537497745,214.013491694438,0.3635640395683125,0.12597830620706926,0.01587053363480211,0.9221180429397363,0.0
137,8.01695342168488,486.85209511999795,0.33360716764446674,0.1150929505465236,0.013246387265504526,0.9056898416568673,0.0
138,8.039183394042727,436.2117401637862,0.3252701145588009,0.11618136075420184,0.01349810858669799,0.905187000965166,0.0
139,9.083804799917331,819.2318453072929,0.33417695656036905,0.10511809102816515,0.011049813061405614,0.8789593596884716,0.0
140,8.71983259707045,420.6565010721021,0.28624767386755584,0.0952328644351516,0.009069298468523963,0.8924562934296111,0.0
141,7.130228112325298,209.69991474850812,0.30253467599206973,0.123994182667214,0.015374557335310434,0.9312569559794328,0.0
142,8.58228706502364,393.21367769769313,0.2926131765837788,0.11559415460947865,0.013362008579880055,0.9076448922412137,0.0
143,8.207044873285282,369.61263530445115,0.2957534378799938,0.11977778249439795,0.014346717179275305,0.9190721402043756,0.0
144,8.50874473636622,443.68689452065416,0.2996580796002911,0.11437556130359677,0.013081769023512824,0.9141822848994766,0.0
145,7.347180242320908,292.4409827171976,0.30580747148186943,0.09376924950392657,0.008792672152529633,0.8586802983941182,0.0
146,9.49755224883102,568.8957671342582,0.28002641209432866,0.09517955744571481,0.009059148155562125,0.8753988508482375,0.0
147,6.861886124673848,260.17853083262287,0.32201166497929157,0.10175996839893692,0.01035509116855264,0.860226888519987,0.0
148,9.585374202381876,584.0786445012787,0.2757868067658917,0.09154395049261772,0.008380294871794845,0.8723875500361737,0.0
149,9.361892583120206,687.1912216797128,0.30619839442393415,0.11116492037624821,0.012357639522257605,0.8740230497512526,0.0
150,8.916524580846833,605.1204564829885,0.31580896842137535,0.11073613174121853,0.012262490873008507,0.8926497239161855,0.0
151,7.828877005347592,381.6141078302203,0.3136667082724703,0.11878956317901812,0.014110960320261937,0.8719276057108248,0.0
152,7.487871037743161,356.1208891988943,0.3233069646548229,0.12005130597886131,0.01441231606723018,0.8845159702624605,0.0
153,8.046009971841173,311.6320623110904,0.2934766963484392,0.12105257004018485,0.014653724713333859,0.9280879988468728,0.0
154,8.543523469994057,368.44894598155474,0.2874157763826031,0.11625086022324453,0.013514262502644337,0.9157707783625468,0.0
155,6.195206541114472,193.8513846908988,0.342089420303872,0.10030301097191975,0.010060694010033053,0.8588412341447048,0.0
156,8.359561083985636,542.9059198119301,0.3165587248981395,0.11100111836208386,0.01232124827763335,0.9102988755579599,0.0
157,8.420709654085611,582.7046100390089,0.31319487979782396,0.10967488983053929,0.01202858145934093,0.9079217318822702,0.0
158,9.753158180268157,677.3914205998606,0.3055011902659043,0.14534071773380658,0.021123924231378037,0.8861132578524794,0.0
159,9.635485287659202,785.7869100209256,0.32058809848882597,0.14220619171672835,0.0202226009625749,0.8813878767844225,0.0
160,7.888727427729984,321.8407153375184,0.306377290009851,0.121500033814575,0.014762258216942869,0.9078685760694681,0.0
161,8.571256038647343,582.5073303366142,0.3025232507083285,0.10729123745171112,0.01151140963391946,0.8960766171003218,0.0
162,8.434459686377846,553.6591232013227,0.32048537573785696,0.11263250282450074,0.012686080692511167,0.9022960022971158,0.0
163,8.676974347051074,699.0035133948178,0.3316531852922637,0.10732851870392333,0.01151941092717842,0.8929343449503229,0.0
164,8.021564752383165,699.4493851559068,0.36453892207310384,0.11718741960916812,0.013732891314655242,0.8674972699763791,0.0
165,8.683716965046889,801.2389366813917,0.34021481079543375,0.11699116806683903,0.013686933405643375,0.860411041283121,0.0
166,7.7407902554961385,660.460790772172,0.37914148636575085,0.10824482881553849,0.011716942965305231,0.8803207848040105,0.0
167,7.525988788137125,548.6506497197036,0.35702272725503426,0.11025457841066612,0.012156072060513725,0.9047888921478162,0.0
168,10.031200754346532,547.6730540701128,0.287548372250676,0.1430508126297856,0.020463534994042028,0.889343342675663,0.0
169,8.099511741455474,375.69383089204064,0.30455305601904786,0.11778824924673777,0.013874071660611621,0.905562593417997,0.0
170,7.726768968456947,337.7532615154099,0.3125451326057875,0.1188088056506613,0.01411553230013661,0.9145515734576136,0.0
171,8.24026712134129,551.5453899609909,0.3243681855673367,0.11356959866873008,0.012898053741776418,0.8566997278740667,0.0
172,6.7143816683458635,327.4225244775117,0.34593056472530376,0.12277631130323907,0.01507402261722987,0.8898154185261158,0.0
173,7.825370068976206,547.606777493606,0.3464582618409444,0.11586774294769844,0.013425333855793921,0.8840567465082569,0.0
174,8.155131881474595,629.3677310186263,0.34681777698826377,0.11454833095703261,0.013121320125041875,0.879339666438161,0.0
175,7.978286703350642,645.3677826861972,0.36685659225754796,0.11114695066553586,0.012353644642247062,0.8875927031151882,0.0
176,8.3472254514454,700.683968844455,0.35003122984338503,0.10947047303092064,0.011983784465613522,0.8766494494602732,0.0
177,8.559256245317625,475.2015229016507,0.3010597731373985,0.11580693225082665,0.013411245557347554,0.8954127847972302,0.0
178,8.930597535456869,552.6015396936114,0.2986133650230624,0.11321433536884891,0.012817485733010194,0.9022007372723692,0.0
179,8.16917254385285,314.7720943449844,0.2923961108636112,0.09751858805565063,0.009509875016367686,0.9102015768399826,0.0
180,9.122348807770804,458.88626675966833,0.29098578613822446,0.09849284720567855,0.009700840950681142,0.8989415517837879,0.0
181,9.084812317548892,556.5477020847866,0.29880962417065887,0.10916381278035592,0.011916738020744597,0.8947796094088931,0.0
182,8.630150610969027,332.90101785114575,0.2765132518766877,0.11664285887657366,0.01360555652690028,0.9266416297279607,0.0
183,7.694554238032498,301.06539822780235,0.30057961931529875,0.11979221882380393,0.014350175690730124,0.9283478716287339,0.0
184,9.489162727014389,415.998514557338,0.2792381692570721,0.10898231096068153,0.011877144102330687,0.9065404564869354,0.0
185,10.13456818827663,562.604872251931,0.2890997588923053,0.13556411454433945,0.018377629152190787,0.9034526139577996,0.0
186,8.762852308248728,550.3124919269421,0.30550081722069294,0.11211271590887961,0.012569261068465147,0.8765308826419568,0.0
187,9.317820145185875,633.1020047017489,0.29491166624352344,0.10966859326577101,0.012027200348893114,0.8686394886572387,0.0
188,9.025239608359813,599.8225993954895,0.3214839053317999,0.13264460238350648,0.01759459054147853,0.8881190028693389,0.0
189,9.506032188896638,725.84955695058,0.33060469797132186,0.13652322350923646,0.01863859055735293,0.8853872836140325,0.0
190,8.4046152057661,462.67000568343286,0.30517019249421207,0.11542022619315466,0.013321828614478986,0.9144609693289033,0.0
191,8.392964168539615,486.20653465602317,0.31098176260014915,0.11484897460892453,0.01319028696872139,0.9079099324561303,0.0
192,7.824620889198895,587.1526712134129,0.3557146475311547,0.11359957665557056,0.012904863816324854,0.8921582781629273,0.0
193,8.661551577152599,449.5869952724172,0.29401591832054574,0.11752648803634003,0.013812475390155975,0.9173456140693736,0.0
194,8.595423544912038,459.2976504172156,0.2892047699240325,0.11496157668230163,0.013216164113280719,0.9162271212573649,0.0
195,8.87089565734067,471.14019995349923,0.2945577533918609,0.11377275450152115,0.0129442396668634,0.8991098529842736,0.0
196,9.03119429590018,461.6723242656748,0.28809963252375675,0.11442541730624933,0.013093176125709304,0.9155613950318636,0.0
197,8.031426799969001,443.39946782402046,0.320905457668841,0.1149860033524308,0.013221780966965226,0.9020974822908037,0.0
198,8.662985352243666,451.0171407166293,0.2947248042006142,0.11692637453813663,0.013671777062632605,0.9148197779822781,0.0
199,8.577049265028805,458.1724017670309,0.29503353561814466,0.11265292372560806,0.012690681223927669,0.9124313192487795,0.0
200,8.267205301092767,533.2942145237541,0.3289241585813004,0.11198915719185851,0.012541571328542795,0.9017650530089509,0.0
201,8.615225141439975,509.661958459273,0.3056837260497914,0.11143363347167273,0.012417454668699103,0.9137967589826418,0.0
202,5.386137590741171,130.8552662171588,0.36127224903634964,0.13101454619615302,0.017164811314983916,0.9323001598288878,0.0
203,7.606564364876386,360.2370378981633,0.31879405726039983,0.11940771165088085,0.014258201601699907,0.9048693580067186,0.0
204,7.378774961895167,378.4578392621871,0.3302610211704754,0.11784449498606002,0.013887324998519524,0.905590633875933,0.0
205,7.98557828928673,434.9968289028392,0.31547876493626587,0.11520749302901671,0.013272766450030934,0.9161012278532683,0.0
206,8.508092433284249,466.06231754889035,0.29808144071040604,0.11327460990520838,0.012831137249177133,0.9173967859152421,0.0
207,6.166918546074558,205.92442971918678,0.32899658068136317,0.12358726648758077,0.015273812437872306,0.9300737275910779,0.0
208,7.66657624841768,340.74455552972177,0.30302580374886356,0.11820269235171009,0.013971876479193023,0.9200724088840989,0.0
209,8.501311064610297,502.89127205559436,0.3081412741911758,0.11355497770591766,0.012894732961791458,0.8989148134353134,0.0
210,8.435512413133898,443.2163256606992,0.29491009758490017,0.11358307060905626,0.01290111392898186,0.9019691264205489,0.0
211,9.263601488026042,418.067820145186,0.2714557105898862,0.10526636763387551,0.011081008154830234,0.8997523143610252,0.0
212,9.764705882352942,644.2992973210364,0.29115972259921674,0.10178770017243985,0.010360735906394513,0.8899505246311374,0.0
213,6.326093414968096,284.3870611485701,0.34222861069365984,0.12168514121034713,0.01480727359138212,0.8680606484795116,0.0
214,6.874544679531891,407.1329212844558,0.35433626810084357,0.11952651574388708,0.014286587965873685,0.8849230571760538,0.0
215,8.127315353018679,580.0937572657522,0.331993209297297,0.1108800348658753,0.012294382131857722,0.8802518697968759,0.0
216,8.802126120540441,720.0847994006563,0.32748149496040846,0.11002295905358857,0.012105051518907627,0.8734520140595625,0.0
217,7.618738536257715,347.614010953525,0.30047889887675133,0.11927026594656404,0.014225396338964113,0.915958227730367,0.0
218,8.157715260017051,401.38958640109536,0.29274166027165344,0.11715692451476056,0.013725744961757306,0.9224599271255554,0.0
219,8.714058746028055,295.40889715570023,0.2697729956905554,0.10375098365667844,0.010764266609728358,0.9231361296852854,0.0
220,10.312440259371206,652.7649319279753,0.2875854923365868,0.14607423466703653,0.021337682033560457,0.8955558144828629,0.0
221,6.895476504172156,372.6848924022837,0.352536308917075,0.1197177342712719,0.014332335899046872,0.9067943450529699,0.0
222,7.638565966571082,287.6274445219458,0.2879709825834856,0.09106047189566602,0.00829200954186138,0.9004626685905144,0.0
223,8.281388049290863,615.5734002428378,0.33320497624757195,0.11092960812323714,0.012305377958374959,0.8785525149564319,0.0
224,7.464007078457207,479.726969180294,0.34387692155967864,0.11553994429827492,0.013349478728448473,0.8950356931701977,0.0
225,7.088603425559947,280.65861298406054,0.315365966680643,0.11710154936565073,0.013712772863835937,0.9210365839398957,0.0
226,7.630150610969027,286.1528585083573,0.2953133891258943,0.12057277238491221,0.014537793440583847,0.9226351632304088,0.0
227,8.052713839158852,451.9119584592731,0.31343598012287327,0.11204436819669293,0.012553940444596094,0.9004790529770753,0.0
228,7.204745666382495,332.8542716164199,0.3074737207496231,0.1176122043398915,0.013832630609688394,0.915445966216602,0.0
229,8.647866129323932,370.85872148595945,0.29405025340661345,0.11018584894099558,0.012140921306847897,0.9106943760911601,0.0
230,7.153174972228681,304.7847722751815,0.3111600006136992,0.1008613286695553,0.010173007620988059,0.9101487183022509,0.0
231,8.716861711746622,753.5824485261825,0.34057828987486916,0.1048823424200494,0.011000305751516495,0.8953982189184649,0.0
232,9.522023302074452,562.8800020667028,0.2902619583051614,0.1107529765889711,0.01226622182331718,0.8979807180241209,0.0
233,9.104471828256996,521.8360717145882,0.2975926040581652,0.11042637377037466,0.01219398402407449,0.9079044840988097,0.0
234,8.403220181353174,475.97022010385194,0.30589925457869666,0.11445836491531826,0.013100717299088158,0.912785835362741,0.0
235,8.344099563409026,568.8521984551397,0.3120914874108752,0.11200765083917896,0.012545713846511427,0.8814781439481549,0.0
236,6.782724947686584,319.0290371748173,0.3432009322256322,0.11995312267411222,0.014388751639270616,0.9012019971032914,0.0
237,7.080123485494329,408.44483195122575,0.3536862136413216,0.13584891216106812,0.018454926935345603,0.8656886431685502,0.0
238,8.271144953370017,525.090850964892,0.34149817974041247,0.16255757164084614,0.026424964097768823,0.8581014822722912,0.0
239,7.529179260637061,519.392479785063,0.3566185902905565,0.11856326373710746,0.0140572475079949,0.8984603162876674,0.0
240,9.109167118757911,559.8719096334187,0.2925832117419205,0.09565903723563819,0.009150651404849214,0.8648134170718444,0.0
241,8.60781084502312,587.073064403627,0.3136665892539476,0.09354903267665475,0.008751421514737819,0.8733276274852326,0.0
242,8.683277790694671,599.1885349660287,0.317653672005417,0.11076195008326482,0.012268209586247648,0.8984675960636614,0.0
243,8.01938179751479,477.68701723113486,0.310317123684311,0.11760042137670035,0.013829859107977481,0.8601040771708752,0.0
244,7.326519672427602,337.11681391924367,0.3192339819551502,0.1227417812891237,0.015065544874027078,0.8975672553563996,0.0
245,8.009842672246762,402.7564649048025,0.3102967360749881,0.0977171214803536,0.009548635830406181,0.8476155748805598,0.0
246,9.296623524245009,670.1801519026583,0.28325868484669764,0.09070818919515533,0.008227975587064095,0.8464398769007944,0.0
247,9.533299749412281,827.1312614637422,0.3166470999924282,0.11856172192761151,0.014056881906440277,0.8529921254722732,0.0
248,8.883547753752355,737.9858495440334,0.32967117398995655,0.1301089150700891,0.016928329780715654,0.8636439168957769,0.0
249,7.969296546022889,545.9387739285438,0.3311048716666062,0.1113001455462133,0.012387722398608263,0.8926111378702718,0.0
250,9.16013071895425,534.1057635175281,0.2750844254595648,0.09540045016637728,0.009101245891947435,0.8794146002409642,0.0
251,5.885349660285722,343.21354207031965,0.39790172397667317,0.12262346798617167,0.01503651490095567,0.9013372275012117,0.0
252,5.899151360148803,337.3286767935105,0.39405751665389893,0.1219107140128741,0.014862222191128777,0.9059910449225617,0.0
253,8.277616316618875,438.3679570642487,0.31194993238621477,0.11845142736361265,0.014030740644477204,0.8952351164374189,0.0
254,8.457542173654709,460.50074917977736,0.3173001636101793,0.14775244369295085,0.02183078461723861,0.8986990937228843,0.0
255,8.464698132217313,422.9192823374409,0.3063397585242706,0.11580115542375576,0.013409907597476838,0.8985555181868995,0.0
256,6.1034513937327235,173.73311116277873,0.3357955248717267,0.12565210992263973,0.01578845272801114,0.9178330418127916,0.0
257,8.488962515177349,608.918268361363,0.33204866139691225,0.10970269899490045,0.012034682166765735,0.901624602022715,0.0
258,8.98673435118448,674.1394636906148,0.3144680748315288,0.10671332210241283,0.011387733114133311,0.9045731483214838,0.0
259,8.890174119713762,579.3752680255238,0.311428994993851,0.11065180523657271,0.012243822002112421,0.8922752530699916,0.0
260,9.716280451574569,720.8771991009844,0.300456600132903,0.10681583982520988,0.011409623637564892,0.8920332465291999,0.0
261,9.19923015319435,610.5884807150792,0.2996489641531261,0.09528183623180117,0.009078628315703777,0.8935606646151953,0.0
262,9.468553824691933,673.343789557984,0.29605868622794373,0.09527358051694675,0.009077055144519135,0.8850237477455202,0.0
263,7.713361233821593,371.4215040429875,0.3217508502832887,0.11771384406733544,0.013856549085108963,0.9081726658224138,0.0
264,7.446420729029424,345.3699268903872,0.32705091703565076,0.11795309086162645,0.013912931643811105,0.9106312348789173,0.0
265,7.774348342762666,286.924287633367,0.3083819900510111,0.1248818630479588,0.015595479718329138,0.910629683472168,0.0
266,8.808907489214391,444.91372807357453,0.30712026700110073,0.11855521892974417,0.014055339935479572,0.8984006835478912,0.0
267,7.905461262238756,451.76939471440755,0.3179387268729724,0.11414647958555083,0.013029418801774571,0.911588953926886,0.0
268,8.319725386860936,488.6863713864993,0.31214998372264524,0.11029081042100954,0.012164062863323066,0.9085620930063744,0.0
269,9.111718205068588,778.2078069699553,0.3280432315712139,0.10420749487406354,0.010859201987927978,0.8892574682033975,0.0
270,9.118279986566433,745.7564519879099,0.32761655864021255,0.10956043800584622,0.012003489576032873,0.8902888628258282,0.0
271,9.637849079025548,775.9371593169549,0.31451313876997344,0.10845035871200487,0.01176148030476253,0.8616643296212366,0.0
272,8.871535043529928,429.05925624531767,0.2761438061745193,0.09531167576293201,0.009084315536738281,0.8846439273528836,0.0
273,9.219089875739488,543.9324252757755,0.2892541034798761,0.09228264477209225,0.008516086526132165,0.8777705927176491,0.0
274,8.657650675553489,503.2519956599241,0.3012598515145949,0.11142785292787248,0.01241616640811558,0.9102529627519522,0.0
275,8.803101345940219,530.3879524141671,0.3052526713819417,0.11241502508449899,0.012637137864748538,0.9000708632261466,0.0
276,8.358398563641533,613.6898201968535,0.3333601281256281,0.10784763376451038,0.01163111210860396,0.8808666412955558,0.0
277,8.251795448087009,578.4915200599345,0.33607194696679216,0.1125843647128531,0.012675239177796721,0.9070093750387135,0.0
278,7.989918365238058,621.3474062879434,0.36000523714736327,0.11263572939687301,0.012686807536765602,0.8910978670438214,0.0
279,9.367524348342762,730.7177400604511,0.30605904198492523,0.104651838613426,0.01095200732517056,0.9043386115757716,0.0
280,9.300337130899791,683.5062582345192,0.2978981838144833,0.10506498601136785,0.011038651285568923,0.9074906724241858,0.0
281,8.365102430959208,570.9910550517966,0.3117604471742163,0.11314402681216172,0.012801570803271172,0.9010654317846527,0.0
282,8.278087783202874,568.8396496938695,0.31915736959488544,0.09085482853727077,0.00825459986853687,0.9060204762338618,0.0
283,11.828024490428582,1247.9788550466299,0.2937920863189214,0.10228232614215386,0.01046167424104993,0.8214569152708113,0.0
284,8.690556459738046,549.3226962721848,0.2981068141188302,0.10557077393169868,0.01114518830853783,0.8678937239492108,0.0
285,5.263756490738588,138.16669895889848,0.3482055852531278,0.11977145104531955,0.01434520048550138,0.9355815192225782,0.0
286,4.729035883127954,96.84072825441112,0.3654831880435964,0.12646315671727162,0.0159929300068972,0.9393905008173885,0.0
287,7.351849699036402,351.9715892944793,0.31321344534813855,0.11807370955802853,0.013941400888793675,0.9215714064180882,0.0
288,6.689568317445555,264.90338164251204,0.3142402568455742,0.11958634807130734,0.014300894645031875,0.9296381042381217,0.0
289,6.936733059495208,223.83488336045883,0.31029973734590643,0.12305283248975202,0.015141999583750971,0.9364313963629369,0.0
290,7.2575240900049085,227.88901805781603,0.29669118629647045,0.1232819990921982,0.015198451300168758,0.9327601623050664,0.0
291,5.5228822754398195,181.34138701593943,0.36252807430028977,0.12649213626567035,0.01600026053705292,0.916678043882676,0.0
292,7.4919786096256695,338.09723836833814,0.31195042853797217,0.12012788773893945,0.014430709412619239,0.8637228174190891,0.0
293,8.51500942933168,543.0820093518303,0.2941669008319706,0.09239114514950315,0.00853612370203656,0.8731533410133722,0.0
294,9.148318220568859,748.7328722002636,0.32492813514865027,0.14220635238116222,0.02022264665755528,0.8741291145532712,0.0
295,9.6960267638017,534.5805368260612,0.2658329776224895,0.09095366212046985,0.008272568653124592,0.8992674718225387,0.0
296,6.84256891162262,291.1255392802708,0.3228480552807548,0.1093333614585309,0.01195378392782177,0.8107247302125702,0.0
297,7.880376656591491,665.4753674855978,0.37892267292765813,0.11495915394896662,0.013215607076662209,0.8938971023523414,0.0
298,7.713574362551344,611.0137112816141,0.37330581709482596,0.11194745592816274,0.01253223288878794,0.8976617738073189,0.0
299,8.764311917125214,577.3902387041772,0.31209332966189257,0.10847327467161016,0.011766451317982582,0.9030550708205395,0.0
300,7.691841690562918,379.69879097884217,0.3314540486942428,0.09927953117158353,0.009856425309649424,0.8556719840029269,0.0
301,8.41273993128213,560.6854155364385,0.3334620654509074,0.1124961529442935,0.012655384427265878,0.9025192537756399,0.0
302,8.019052416750625,410.9025937120566,0.2986487800644973,0.09718334197805822,0.009444601958024214,0.9153605433321689,0.0
303,8.349879872897775,508.1347877754527,0.32720413585706304,0.11618545459667493,0.01349905985983601,0.912080399121232,0.0
304,8.179396264434628,560.1073975044566,0.3448406912693593,0.11541942571510239,0.013321643832404039,0.9102105708360672,0.0
305,9.971363248856854,597.9224598930481,0.29309798101475404,0.1452173543782052,0.021088080012605235,0.9041773823430885,0.0
306,8.371496292851791,503.83209977007937,0.3025025264668071,0.10070553853878934,0.010141605492387585,0.8768982472246996,0.0
307,7.958401147020074,401.5423092820792,0.32164306226699524,0.11649740703582132,0.013571645846069829,0.903691541745481,0.0
308,8.057086207341962,441.61414012245217,0.3196881323718136,0.11919582765462496,0.014207645330271057,0.9184374123249351,0.0
309,9.733886176341418,790.6120927949573,0.33030510075755815,0.13937308262242193,0.01942485615967645,0.8731649722735261,0.0
310,8.145870469399881,592.3304916169367,0.34569750170200797,0.11426040551400733,0.013055440268225397,0.8830831346907269,0.0
311,5.702859800046503,141.18441447725334,0.34427658936958216,0.1399958601199156,0.019598840850714973,0.950424816098213,0.0
312,7.212205171923841,339.1766062156088,0.3397961395972738,0.12424063147447004,0.015435734509175075,0.889645849425598,0.0
313,9.974133922343642,604.1851184479061,0.3030047334519111,0.14176861128828597,0.020098339146609124,0.89703759306459,0.0
314,8.401373065695317,441.7826926554548,0.30220867541778557,0.11674418295051762,0.013629204252783932,0.9159254917192098,0.0
315,6.925527655067298,233.91124157172752,0.2944529435540774,0.090118333508362,0.008121314034324362,0.9282785550315057,0.0
316,8.41273993128213,560.6854155364385,0.3334620654509074,0.1124961529442935,0.012655384427265878,0.9025192537756399,0.0
317,8.55993438218502,551.3257769510966,0.31743546298169883,0.11671970423261754,0.013623489356149718,0.8932091705130073,0.0
318,8.658722777648608,733.7116562039837,0.35614735952703863,0.11040570831355241,0.012189420428217215,0.8718992520012776,0.0
319,9.755199049316696,552.4338913430986,0.2838633988278722,0.10987347628034051,0.012072180789926548,0.886307120299015,0.0
320,8.755928853754943,377.2526608798988,0.2887752685635417,0.10626794793551829,0.011292876758426025,0.9143910523022495,0.0
321,7.301590069492883,305.95222687230364,0.30293202709689404,0.09605341555913478,0.009226258640575835,0.9172027451536465,0.0
322,8.555097005864269,763.6140109535249,0.3560892685517307,0.12315902565719002,0.01516814560082839,0.8669883499211724,0.0
323,8.711049110026092,470.4316179699813,0.3021347440712627,0.11608992174623453,0.013476869931046858,0.9145828154321102,0.0
324,7.172233847425663,338.4067400346173,0.3263575400124883,0.1221266896157064,0.01491492831649109,0.9247151316608961,0.0
325,8.318356196233431,535.6371451083726,0.3300606611949049,0.11519237648342326,0.013269283599898724,0.9057730900583948,0.0
326,9.147478622542561,536.4223630163527,0.29558701761609957,0.09846161318893519,0.009694689271767497,0.882190030218251,0.0
327,8.755928853754943,377.2526608798988,0.2887752685635417,0.10626794793551829,0.011292876758426025,0.9143910523022495,0.0
328,6.528094241649227,279.99268903872485,0.3403275431488399,0.1245123347890016,0.015503321514608419,0.9285929334608067,0.0
329,6.8595933762174175,286.7787723785166,0.3248567866705509,0.09836627622060226,0.009675924297507821,0.9152715681266091,0.0
330,7.077436771810173,275.21892841458055,0.3093463644369862,0.09037224795644369,0.00816714320070094,0.8636793828612405,0.0
331,8.555943062336928,528.0361802164872,0.3099030069691963,0.11436975785748703,0.013080441512380216,0.9218490060441951,0.0
332,8.20545609548167,560.9487974372887,0.32278537667012386,0.11234482037159516,0.012621358664325982,0.9116213361789202,0.0
333,8.321423958252604,495.7005864269292,0.3196820989525201,0.11552385829310403,0.013345761834925182,0.9092513683648605,0.0
334,5.936700767263427,231.29886460513058,0.3487767748661949,0.09196942855597684,0.008458375788912929,0.9127838833865186,0.0
335,9.48115425353277,507.3409543000335,0.27496748997561393,0.09263716077561618,0.00858164355656736,0.9046163715912575,0.0
336,8.649719703428142,552.505076338836,0.32621313670309166,0.11301332254615573,0.012772011072921433,0.9041523017556414,0.0
337,8.918494406985456,507.15174765558396,0.2853040890322675,0.09712243551053573,0.009432767479498172,0.8854859895027769,0.0
338,8.708549691286263,642.9798819396008,0.3264435648133479,0.1081034257831212,0.011686350666046794,0.9028037005014714,0.0
339,6.557951639153686,370.9434821359374,0.39442103134428713,0.12677964175469073,0.01607307756344772,0.8926434424439074,0.0
340,7.988562091503268,603.7450657469839,0.36114537585639156,0.11776678380668226,0.013869015368169839,0.8841786190768826,0.0
341,8.886253842775579,555.9556692242113,0.3108834381777627,0.11307922708934116,0.012786911599122788,0.913303700937265,0.0
342,7.862874266966336,419.6275284817483,0.32440658856206755,0.11899190635010026,0.014159073776831031,0.9192129961149929,0.0
343,7.9673331783306205,390.82895450670395,0.29286802056996825,0.08930978470372775,0.007976237643826201,0.8551085995580822,0.0
344,8.061381074168798,463.55458678860214,0.3331210105703894,0.11491856591304705,0.01320627679151134,0.9090082676159981,0.0
345,7.690336872561937,344.9472151179313,0.31365191582527663,0.09829176124251905,0.009661270328156371,0.8943204748436584,0.0
346,9.48115425353277,507.3409543000335,0.27496748997561393,0.09263716077561618,0.00858164355656736,0.9046163715912575,0.0
347,6.106609574000879,173.9287052106745,0.32339995842322494,0.13496453410247344,0.018215425465497717,0.9364261061221327,0.0
348,7.535250200211837,337.25970704487327,0.3165247144837326,0.12230987012224011,0.014959704329319245,0.9181548559496412,0.0
349,8.28375829910357,315.654486036839,0.2864455406762985,0.12143298902729294,0.014745970824102648,0.9304885543416417,0.0
350,8.50806014105247,534.99223694748,0.3232688817796,0.11381513299494489,0.012953884498656993,0.9101281395065105,0.0
351,8.755928853754943,377.2526608798988,0.2887752685635417,0.10626794793551829,0.011292876758426025,0.9143910523022495,0.0
352,8.412145754217367,483.05452866258486,0.3134646627159177,0.11519491769572338,0.013269869062924483,0.9140648959988507,0.0
353,7.707561548993773,231.44059521041618,0.30206287586800434,0.14554527295237796,0.021183426478782207,0.9471251108520155,0.0
354,9.035921878632875,604.4276266501329,0.30688413399383474,0.11205228317537207,0.01255571416481377,0.8742699741227841,0.0
355,8.401373065695317,441.7826926554548,0.30220867541778557,0.11674418295051762,0.013629204252783932,0.9159254917192098,0.0
356,7.373220698028883,502.04560954816714,0.37464767995740195,0.1222078497505078,0.01493475854064269,0.9021680807496254,0.0
357,7.173842000568343,173.15456999664158,0.24919414717378469,0.06974391534237373,0.004864213727284194,0.9327378386432884,0.0
358,8.867808519982432,565.1019788679635,0.3144778597771699,0.11052739870989073,0.012216305865575153,0.908509963233733,0.0
359,7.339475315818028,298.85184969903645,0.31813602463044344,0.12084058377241134,0.014602446686457165,0.9066850022130788,0.0
360,8.555097005864269,763.6140109535249,0.3560892685517307,0.12315902565719002,0.01516814560082839,0.8669883499211724,0.0
361,7.339475315818028,298.85184969903645,0.31813602463044344,0.12084058377241134,0.014602446686457165,0.9066850022130788,0.0
362,7.563079645560465,364.1111434033429,0.31682600334921734,0.1213163643115704,0.014717660249777673,0.9159487526952413,0.0
363,7.212205171923841,339.1766062156088,0.3397961395972738,0.12424063147447004,0.015435734509175075,0.889645849425598,0.0
364,10.748921439458524,999.4021416208117,0.28829861936487244,0.09616730949979833,0.009248151416430003,0.8766778713667943,0.0
365,8.477382520860779,507.7538556924745,0.319135505573761,0.11640708245122915,0.01355060884480726,0.9044234112940004,0.0
366,8.335735875377818,434.11532201813526,0.29715689489447555,0.11919636096379985,0.014207772467012467,0.9206029423429328,0.0
367,7.329425973287866,463.23638559508123,0.35801659106017203,0.1187735882228565,0.014107165259332675,0.8987399282576312,0.0
368,7.942364824717765,259.49930248779356,0.25560559833686936,0.09348388225918987,0.008739236242250073,0.9140377743278177,0.0
369,8.204190239995864,679.0911674287631,0.36813688635089786,0.11188750338558227,0.012518813413858684,0.8808382633692534,0.0
370,8.692087111524453,583.1989072308764,0.32982359193968674,0.11339102709773194,0.01285752502627858,0.8967338964849896,0.0
371,8.755928853754943,377.2526608798988,0.2887752685635417,0.10626794793551829,0.011292876758426025,0.9143910523022495,0.0
372,7.069841638895347,204.8178201451859,0.27370674558156244,0.09127657869797248,0.008331413818807164,0.9375646504200692,0.0
373,10.53096179183136,707.8054974295384,0.2887932271781637,0.09113605156125316,0.008305779894175396,0.8176164828772484,0.0
374,6.791334056679324,368.55459324704844,0.36728550351962086,0.13440502451449815,0.01806471061474285,0.877508132602409,0.0
375,8.378387455113801,589.007724301842,0.3434446187456489,0.11233836898838286,0.01261990914697006,0.905131008570971,0.0
376,10.748921439458524,999.4021416208117,0.28829861936487244,0.09616730949979833,0.009248151416430003,0.8766778713667943,0.0
377,8.114140122452145,429.13265002970894,0.3095567744698257,0.12070412027324662,0.014569484650938385,0.8785039354336667,0.0
378,8.839397814461753,457.4394391485184,0.2984248641498409,0.09587859799082574,0.009192705552686373,0.9011398140122062,0.0
379,8.046952905009173,464.2787207109458,0.3256237950477295,0.11722474264027001,0.013741640287077537,0.9121341412255686,0.0
380,6.925527655067298,233.91124157172752,0.2944529435540774,0.090118333508362,0.008121314034324362,0.9282785550315057,0.0
381,7.173842000568343,173.15456999664158,0.24919414717378469,0.06974391534237373,0.004864213727284194,0.9327378386432884,0.0
382,7.83116329535767,456.6555452220414,0.32505566182563245,0.11481819892371241,0.013183218804085194,0.9213427971174176,0.0
383,8.046952905009173,464.2787207109458,0.3256237950477295,0.11722474264027001,0.013741640287077537,0.9121341412255686,0.0
384,8.991597561290655,445.4396199850164,0.2974109942460126,0.11615705914387031,0.013492462388952586,0.9028070302031295,0.0
385,8.13151334315017,470.968682993619,0.32287478130360087,0.1146684923798154,0.013148863144659783,0.9122720526942185,0.0
386,8.59751608153143,583.3362590095328,0.32823343636775176,0.11467395752482244,0.013150116534404782,0.9017372698338219,0.0
387,8.210894107313544,538.985494329484,0.32061838993812397,0.11733756094064285,0.013768103207499074,0.9066721287846224,0.0
388,8.867808519982432,565.1019788679635,0.3144778597771699,0.11052739870989073,0.012216305865575153,0.908509963233733,0.0
389,8.755928853754943,377.2526608798988,0.2887752685635417,0.10626794793551829,0.011292876758426025,0.9143910523022495,0.0
390,8.125242191738357,618.3041411558037,0.3513544615220238,0.11106586367984124,0.012335626074949079,0.8867009863906294,1.0
391,7.436054922627814,519.0837983414709,0.3738066465163519,0.11606704029418267,0.013471557842651425,0.8972528608200109,1.0
392,5.692177529773438,356.20744529695935,0.41921625519176403,0.12434023690945732,0.015460494514699972,0.8719295943808564,1.0
393,5.340392415200599,232.4586336510889,0.4085813576752417,0.12377416361364388,0.015320043578257085,0.8929588803540643,1.0
394,4.437572657521507,125.13932160479476,0.421790887225416,0.11913931292788989,0.01419417588492967,0.9326017559652834,1.0
395,7.02169392131029,537.0574737141234,0.3570614847646486,0.09135692067165106,0.008346086954606346,0.8819767591827529,1.0
396,7.668513782324525,657.5495492004444,0.3464965638046249,0.08964066852635376,0.00803544945385163,0.8842061561095679,1.0
397,7.397504456327986,511.237179983983,0.36102403726942994,0.11314963157581942,0.01280283912574367,0.9017737181941227,1.0
398,7.605963729365264,545.1273799374823,0.35346471176222255,0.11384200379528739,0.01296000182812623,0.9028460996199238,1.0
399,5.397562582345191,364.9805923686998,0.4696076650669884,0.12804813931483458,0.016396325981991283,0.9109612174399457,1.0
400,7.358392105195175,354.7746131390633,0.3102230341259558,0.1176177863580849,0.013833943667776103,0.919627021131076,1.0
401,4.483989511483118,228.36428866671835,0.45290985040453186,0.12943869437560343,0.01675437560166087,0.8956729878112732,1.0
402,6.050815055930144,364.4237903329975,0.3867153941933603,0.11802792480226866,0.013930591033129986,0.909575581662382,1.0
403,6.082571236663308,254.5220555943062,0.33828883452678754,0.12186292775927451,0.01485057316206216,0.9332274352329047,1.0
404,8.156113565320728,709.1880053734274,0.3458505398200985,0.10590109005901222,0.011215040875687017,0.8636876206393367,1.0
405,7.185002195871761,600.3312989227311,0.39549472340070446,0.10956053984761607,0.01200351189170107,0.8719565414385035,1.0
406,8.183768632617738,575.112338215919,0.3163698222135872,0.10833712826971868,0.011736933361729478,0.8833014130961818,1.0
407,4.3005890103076805,214.92838874680308,0.4878846208402074,0.13071511207045927,0.017086440523592726,0.8670554878041381,1.0
408,6.504197990131494,430.17910563434856,0.351401185745317,0.11642660843310529,0.013555155151235624,0.8685165668928063,1.0
409,4.061439200186003,196.1454119197086,0.4978535662608508,0.11524083751599569,0.01328045063138812,0.8749567586263505,1.0
410,7.9192500452091235,985.7055013046061,0.49472988083327063,0.10987154402944233,0.012071756187413683,0.8895466153532926,1.0
411,8.040714045829136,989.7332919992767,0.48115324082111877,0.11003721594668825,0.012108188893298103,0.8865537022010204,1.0
412,6.174998062466093,410.8529540933632,0.38679007482809363,0.09574891008150918,0.00916785378179693,0.8954826983129813,1.0
413,6.441318556408071,420.1030897207368,0.38448005882080816,0.11890908897232536,0.014139371440228386,0.8654412824979215,1.0
414,8.215531271797257,933.254010695187,0.427587763071192,0.11131345194798127,0.012390684584575535,0.8681225999984691,1.0
415,6.735901211604538,475.024787517115,0.3893578263278696,0.11485371317932826,0.013191375431079401,0.9090524966785475,1.0
416,7.677762277506523,674.6585031904726,0.41207212354526723,0.14785771603788336,0.02186190419193935,0.8931388039515578,1.0
417,8.14344209356997,552.2344932702988,0.3091896212375003,0.09831365664605475,0.009665575083118345,0.8683107464284537,1.0
418,7.169650468883206,600.1434937611409,0.39802096097650447,0.11094932795050012,0.012309753372667629,0.8890368035638815,1.0
419,8.018064274458137,660.1717107132708,0.3567234928100248,0.10839382600362593,0.011749221515704332,0.8893126588028738,1.0
420,8.136499263737115,454.43132733989506,0.3149290900350094,0.1065569018802937,0.011354373338326538,0.8424057924292367,1.0
421,7.977401896199851,547.9408600067168,0.3173122206664539,0.10401982693544506,0.010820124395679942,0.8585402380957448,1.0
422,6.678679376889096,512.5016016946963,0.43241735870084214,0.11420241687076532,0.013042192019124065,0.8930611789894244,1.0
423,6.422098220052185,398.08929447931996,0.3988202057648426,0.12159561952637532,0.014785494688003026,0.901378001339065,1.0
424,6.920218812162545,595.635827585316,0.44622226459877085,0.11342664565565548,0.012865603944693627,0.890060624661934,1.0
425,5.5634154847709825,289.24110026092126,0.41818808010148084,0.119211934971512,0.014211485439652007,0.9064672908508892,1.0
426,7.297372704022322,445.77727401896203,0.32953475425635076,0.11731929008219012,0.013763815825389073,0.8882404627266265,1.0
427,6.8327649900539935,516.2052881758765,0.40849816672083034,0.11690657032895337,0.01366714618607852,0.8898952124118977,1.0
428,6.722829316179699,542.9424294091814,0.43539370085212925,0.11689389855945716,0.01366418352042866,0.9036974694426576,1.0
429,6.043885142990002,436.42435221783046,0.4550776974395288,0.11853179911303677,0.014049787400973303,0.896681463654895,1.0
430,7.118609367330594,435.966797127283,0.3569876241940791,0.12028954775041817,0.014469575298000132,0.8833470043882982,1.0
431,7.046907695884678,500.6656656074814,0.38097286441356615,0.11399055324603252,0.012993846229336576,0.9052738330943718,1.0
432,7.362099253403602,554.3976465421478,0.36278823065530064,0.111405411057379,0.012411165612863585,0.9109556235608831,1.0
433,8.075111731121961,559.6407037123149,0.33676232676359924,0.10961962295374646,0.012016461736521536,0.9050489290538749,1.0
434,8.213148105091838,588.7661073652123,0.3302290306357014,0.11100895432525848,0.012322987940387324,0.9075916362137704,1.0
435,5.1324369009790995,298.6580510992276,0.4578527317851791,0.12237391119538563,0.014975374141256128,0.9106239004424458,1.0
436,5.406597948797438,403.09336330052446,0.5016485120728217,0.12403050962415473,0.015383567317627538,0.8973818657326301,1.0
437,5.830129943940686,406.7982768865122,0.45164361930774594,0.1194478420638415,0.014267786973708424,0.9020359696495642,1.0
438,7.158787362112171,441.88036373969885,0.3463092262377524,0.11389570367153927,0.012972231314835084,0.9151332633706855,1.0
439,6.430591077010515,342.7162352424501,0.3704043942986473,0.12418697212932372,0.015422404046649428,0.9081188944220941,1.0
440,6.473126404712081,354.30231341548466,0.36704201863025043,0.12150230243649836,0.014762809497370315,0.9137813498595116,1.0
441,7.199501407941304,374.09067658684035,0.3443026991192191,0.10725023176457868,0.011502612213555842,0.8774442324738456,1.0
442,8.131493967811103,623.9318763078353,0.3367585059925054,0.10905331993015767,0.011892626587789324,0.8771566090909223,1.0
443,7.865102430959208,576.8287801286523,0.32018574418669765,0.1075573663099121,0.011568587047524614,0.8810599283380465,1.0
444,7.69997933297166,438.7661784081222,0.32876810809319934,0.11547205581049044,0.01333379567310102,0.9137260542307762,1.0
445,7.3952827507814725,441.32010643519595,0.3400363982615174,0.11454021573807008,0.013119461021323636,0.9135028000673923,1.0
446,5.868144359192954,359.8920664444961,0.42329245913629443,0.12148538000085728,0.014758697553952692,0.9075544536043167,1.0
447,5.988168126275543,329.865134723191,0.398853477367157,0.1220897268376544,0.014905901399293068,0.9106794518618226,1.0
448,7.733285540830299,899.7851985326413,0.47585435637559215,0.11414268718262989,0.013028553037271701,0.8885412835379881,1.0
449,8.136460513058978,1022.1132746906405,0.46158487188453934,0.12712891746413021,0.016161761655601632,0.8542860721317757,1.0
450,7.204222532227648,763.5156100648428,0.45645213075171737,0.1129057477332755,0.012747707871210044,0.8656599065648485,1.0
451,9.12042419075667,898.5354310367098,0.3377026171780491,0.09250153505521334,0.008556533987570863,0.8485345770864323,1.0
452,7.288757136583225,754.6782531194295,0.45224222722319546,0.14618179616964766,0.02136911753138442,0.8801827853883615,1.0
453,7.571268955540055,938.3817264718799,0.483859023700317,0.1050517130322302,0.011035862411006042,0.8661136522200505,1.0
454,7.480411532201813,932.2647640083701,0.5177818559550278,0.11272079994219998,0.012705978739609472,0.8724947840171148,1.0
455,6.563828825337778,595.9327611149862,0.47529543237557065,0.12108675682818044,0.014662002679166904,0.9002843952033285,1.0
456,8.090314913844328,706.9334134180682,0.37255091494692183,0.10661623226843547,0.01136702098311698,0.8991390958870003,1.0
457,7.763213981244672,716.1500232504069,0.392876867425283,0.1069556960543279,0.011439520918465774,0.9011170731638101,1.0
458,8.08685318659743,698.3800020667026,0.3433534265490595,0.10497267846675169,0.011019263224484035,0.9077408468458642,1.0
459,7.84670231729055,810.1669379214135,0.4049899824986247,0.10600617303540846,0.01123730872161296,0.8975906299793979,1.0
460,6.3167480430907545,479.8581983518045,0.4525679543238881,0.1278275429274167,0.016339880730860557,0.8911470441809868,1.0
461,7.208963031853058,608.9655571055828,0.40965667237804276,0.11346359384339726,0.012873987127859416,0.9004476915805538,1.0
462,7.914218915497689,540.3903614146583,0.33094517563859077,0.1094155010872724,0.011971751878178907,0.9100483738812193,1.0
463,8.05098943398176,449.9603386809268,0.31775266522959367,0.09663875049201276,0.009339048096657497,0.8851417345436342,1.0
464,6.787756077398021,459.44518716577534,0.39094563416918854,0.10809533838840767,0.011684602181304361,0.9064500973440617,1.0
465,7.927413521403292,788.179383347542,0.4243393522442077,0.11037775439463424,0.012183248665202196,0.9011237983675288,1.0
466,7.189348730269446,461.8692552119662,0.3534828336071785,0.1194825765881478,0.014276086108142606,0.8603024911083427,1.0
467,6.006606990622335,364.64462398925315,0.3934168837334411,0.12097172526919381,0.014634158314605303,0.8767141304993191,1.0
468,6.3375119481257585,425.5623950502467,0.40623594333240404,0.11908690295862437,0.014181690456276817,0.9043146363668951,1.0
469,6.791566560748146,540.7325621948384,0.422924851900428,0.10574236672277176,0.011181448120133148,0.8783401916485424,1.0
470,6.463858534191015,506.48118008731814,0.4240817916582051,0.09928382556309778,0.00985727801844363,0.890600268429311,1.0
471,7.1624557596424605,803.9335038363171,0.5139849152907588,0.11744448102617104,0.013793206123506648,0.8910936182013399,1.0
472,7.383321708129891,796.3223798083134,0.463702757034156,0.10522299278273142,0.01107187821015475,0.898046630591684,1.0
473,8.858140225787285,741.6286070422899,0.31180322085076184,0.10279363468705087,0.010566531332174866,0.8743162192569065,1.0
474,9.801137978247953,990.4930055025962,0.30498998039310116,0.11394536531278159,0.01298354627626325,0.8633068003026406,1.0
475,6.358340437624325,300.3470123227156,0.34627319727483574,0.12109669869771945,0.014664410435486249,0.9226433947716525,1.0
476,5.282563486527681,288.68739182102354,0.4253316563432815,0.12357119784631831,0.015269840937173944,0.9031254767153164,1.0
477,7.600293213464567,306.41717042548237,0.30292594650432114,0.12114488540991046,0.014676083260980338,0.9205615428939576,1.0
478,4.787458988865638,230.4476930429616,0.4326841414007738,0.12393909887440108,0.015360900229798566,0.9058418474338179,1.0
479,6.1816115115347845,415.45259500374596,0.4121148799735627,0.11803856310559033,0.013933102380032428,0.907922772244827,1.0
480,6.68006148440931,495.70745821385214,0.40696456302367373,0.11854003957020376,0.014051740981305474,0.9063984887159293,1.0
481,7.678427497481207,904.7847335245033,0.48969625512160664,0.1100624025715665,0.012113732459825569,0.8956689474220768,1.0
482,8.137164483711798,961.3163476194167,0.45153501682958697,0.10292241917250383,0.010593024368320585,0.8907629855606696,1.0
483,7.590566793252216,530.3050517967399,0.3508412573957755,0.11352701149831547,0.012888382339738652,0.9081663267712818,1.0
484,5.500658761528327,197.81447466997344,0.3680320861137635,0.12389314154266094,0.015349510521309818,0.9283756027085004,1.0
485,6.94199023482911,521.2672375933246,0.3974656106343086,0.11591642010118902,0.013436616449075338,0.9044050664603255,1.0
486,6.806672866775168,515.6333023327907,0.4020984862413144,0.11568076681925789,0.013382039811891518,0.8976340778403183,1.0
487,6.562989227311478,456.73345346043556,0.3941919858405361,0.11601823246147838,0.013460230263485636,0.9112749036570414,1.0
488,6.507918055232634,601.8360717145883,0.4869059912359984,0.11669231614448229,0.013617096647163802,0.8885612324815404,1.0
489,6.170012141879149,411.9874447802836,0.4264672663254139,0.11525522100112649,0.013283765968018509,0.9022891610376617,1.0
490,6.548451264563798,475.28736211217034,0.42343523282491935,0.12053359952964743,0.014528348615573422,0.9102120500340708,1.0
491,9.756820119352088,948.5412500968766,0.31124089155492557,0.11779946971958719,0.013876715066215937,0.8692443137009204,1.0
492,7.518109483582631,514.41542018652,0.3622679194370395,0.11586811247950689,0.013425419489563661,0.9112017721470068,1.0
493,8.005205507763051,602.2292231780723,0.3525550938853239,0.11224182595637697,0.012598227494021617,0.881663370623205,1.0
494,7.062336924229509,579.2240693378801,0.418077945238228,0.11232979546966552,0.01261798295025689,0.8930275453802151,1.0
495,8.072237722493478,921.5351016559456,0.4663568751866932,0.1027476540719113,0.010557080417281152,0.8950509378218953,1.0
496,6.785424578263452,575.9279108217728,0.48240581163842366,0.11660159808512895,0.013595932676005947,0.8938159528705367,1.0
497,6.262426050789222,329.2797346870237,0.38979616568078956,0.12836513240049893,0.01647760721619762,0.9118753265535988,1.0
498,5.987141233304917,397.23699268903886,0.4630546343969266,0.11910963353350734,0.014187104800486416,0.905933664285215,1.0
499,7.290920716112534,762.6511728538583,0.4826823051951174,0.10667635449737525,0.011379844608849674,0.902244166967457,1.0
500,3.597793794724741,203.94642072902943,0.51046677004295,0.10160214802146088,0.010322996482574847,0.868013554278456,1.0
501,8.092827249476866,980.3999780412825,0.4976977328798969,0.13522976713325335,0.018287089918913927,0.8606996313966552,1.0
502,5.942991294014312,352.4082448526183,0.39918214222350235,0.12084508636492423,0.014603534898545996,0.9127003226667005,1.0
503,7.967029631351883,594.8422911984294,0.36788083786766557,0.11320498082733751,0.012815367684117854,0.8910892138701672,1.0
504,7.9152199746828895,637.5111149861788,0.3678046858176327,0.11036574622238766,0.012180597939224476,0.8934060646982328,1.0
505,5.509739337105066,343.82797282285776,0.4503399932449646,0.1292867293945228,0.016715058397532567,0.8766040370368241,1.0
506,6.157075873827791,404.5576933012995,0.342538338154054,0.10638142246178393,0.011317007044992547,0.8715520289746205,1.0
507,3.983266165491229,204.10571830840374,0.5366259950845345,0.11916826231202794,0.0142010747424683,0.8624656534182344,1.0
508,7.856893745640549,537.427264977137,0.3550726548832472,0.11422952393039816,0.013048384137365407,0.9089443464969972,1.0
509,7.884652148079256,760.5350435299283,0.4408188774568042,0.11240734725332711,0.012635411716530067,0.904757455809533,1.0
510,6.88173293032628,504.76434420935703,0.409666212371875,0.1189072436533126,0.01413893259322825,0.9077720106565154,1.0
511,7.568420780696996,621.8610013175231,0.4287865537522491,0.147721716829978,0.02182170562319621,0.901494497108426,1.0
512,6.1908277144850015,465.1976349169443,0.4886487053057541,0.13386707492689282,0.017920393749482337,0.8947938303523317,1.0
513,6.543426593298716,494.96635149448446,0.46450190646347517,0.1183442991961973,0.014005373152239063,0.8968540828259401,1.0
514,8.788305045338292,707.6740292955126,0.3188345716170691,0.10723497284855167,0.011499339401829614,0.8802349339264373,1.0
515,5.884904027487147,389.08643338758424,0.4249485383896677,0.09844576064752457,0.009691567789469696,0.9010168330622376,1.0
516,6.3004340075951335,385.5081893099796,0.42247969284500164,0.12606486324454313,0.01589234974486536,0.9048662909634619,1.0
517,7.500852514919011,525.6128936423055,0.36248845996959483,0.1162479489229898,0.013513585628802047,0.9065086065015283,1.0
518,3.983266165491229,204.10571830840374,0.5366259950845345,0.11916826231202794,0.0142010747424683,0.8624656534182344,1.0
519,8.072237722493478,921.5351016559456,0.4663568751866932,0.1027476540719113,0.010557080417281152,0.8950509378218953,1.0
520,7.12672763440027,212.80672453434605,0.3042262788235685,0.12251484634337688,0.015009887574541246,0.9305150467461156,2.0
521,9.914774341884316,656.2816786793768,0.2718412348663279,0.11108605646691859,0.012340111941371424,0.8675089060670776,2.0
522,6.481567594099563,205.27901779947817,0.31576582053351804,0.12492403603165228,0.015606014778437559,0.9357241146370209,2.0
523,8.502783590379495,560.8295034746441,0.3419607530326131,0.11516507718440536,0.013262995002890044,0.8458603811263019,2.0
524,6.596586065256143,328.91193908393404,0.3781920278980387,0.117841864282146,0.013886704977491717,0.9149833186250067,2.0
525,10.301674029295512,1039.33160246971,0.3178762793839153,0.0936081447735304,0.008762484767942226,0.8592639296256998,2.0
526,9.265926528714253,876.1184414477254,0.3778249375975914,0.10671283018556846,0.01138762812621397,0.8478271410498611,2.0
527,7.359625668449198,465.53395205249427,0.35316388794643877,0.1157484111817562,0.013397694691100904,0.8790226601376321,2.0
528,6.295783926218708,300.7573949210777,0.36137700942176776,0.11721464886521349,0.013739273908595294,0.913754578201554,2.0
529,7.096850861556746,339.92820791030516,0.33178379958591414,0.11799558691899308,0.01392295853235765,0.9195597037017981,2.0
530,6.373304657831512,172.4461300989434,0.3176058121764876,0.1279070731272804,0.016360219355987454,0.9224516117259588,2.0
531,9.613126146374228,649.7133999844998,0.2826819307674864,0.09414722227625864,0.008863699462335253,0.8846415076348508,2.0
532,6.578605750600635,178.40125681366092,0.3013476540282803,0.12478694301124306,0.015571781146091224,0.9413040681847826,2.0
533,7.211720788447132,311.03419101500947,0.319856684936586,0.12035605766484386,0.014485580616623221,0.9029658341106652,2.0
534,7.88525278359038,360.59625022604564,0.3102334174347496,0.11973366233858575,0.014336149897010465,0.9208718043080982,2.0
535,7.632927742902168,401.8808545816219,0.33035748177842683,0.11657433360295846,0.01358957525497385,0.9147291185618551,2.0
536,8.660524684181972,444.5991306931205,0.2963438613653022,0.09284350111442334,0.008619915699183928,0.8838144756695291,2.0
537,8.97040094034979,493.01287168358795,0.29307195146243886,0.09424170278367149,0.008881498543565874,0.8890576121804592,2.0
538,9.221214704590665,544.5890490583585,0.3014199009855863,0.12452403810513529,0.015506236066009186,0.8840911738074858,2.0
539,9.43781807848304,579.0850060709396,0.30971491644556665,0.14517849006696087,0.02107679397812266,0.8931189208371929,2.0
540,6.550317755560722,163.2258970781989,0.3016878230956652,0.12473564180523974,0.015558980336565073,0.9369919170561116,2.0
541,9.564971970342816,472.04164406210447,0.28489491071893686,0.11963739542252248,0.014313106383485003,0.9012375332753462,2.0
542,8.844558113100312,542.923092820791,0.30567250063316187,0.11361273288269526,0.012907853073074665,0.9124612271417663,2.0
543,7.891194554238032,335.87851016559455,0.29673616509305845,0.09982956808030806,0.009965942663100863,0.8942948642495891,2.0
544,8.78944819034333,636.6205727350228,0.342517731823272,0.1438124868429279,0.02068203137194731,0.8942299444569145,2.0
545,9.345074788808803,942.3995969929474,0.3358269869493349,0.0992080646644447,0.009842240094464643,0.8450174494885551,2.0
546,8.3828050324214,701.1608798987315,0.3515853455492468,0.10683842285369517,0.011414448597864975,0.8709884759768064,2.0
547,8.24770725154357,402.80910124260504,0.2980544464886173,0.09117379754077533,0.00831266135800629,0.8977242073266529,2.0
548,8.330349531116797,401.4798625642616,0.2966103866728765,0.1149266868083195,0.013208143340737558,0.9143020964635,2.0
549,7.497313286315843,324.76779301971123,0.3099033837230997,0.11925846938857927,0.0142225825209067,0.9199326939697287,2.0
550,9.46250871890258,740.254805084089,0.3073653926568108,0.10440010733785604,0.010899382412155864,0.8981014246751615,2.0
551,8.808752486501845,653.7201296856027,0.3215619618434226,0.10751133275169904,0.011558686670046553,0.9006017437998234,2.0
552,8.68748223927252,523.5012077294685,0.30814198293788264,0.11095356841065498,0.012310694343057897,0.9115539903928495,2.0
553,8.403420393190213,562.1573148363431,0.3227117317107854,0.11240163858703858,0.01263412835705124,0.9110293862638591,2.0
554,7.20678007698468,336.54808313312145,0.32711366430243194,0.11957808597210733,0.01429891864475269,0.9204057910245629,2.0
555,7.8440285204991085,399.320868531866,0.3033511782517571,0.11527377875871529,0.01328804406931324,0.9208728621060573,2.0
556,9.279508641401224,545.2366116407038,0.29590815287375166,0.10998405301146391,0.012096491916828503,0.9118104978262352,2.0
557,8.364140122452143,424.52442584411904,0.3063382872829826,0.11223176978679902,0.012595970149477054,0.9193213042300169,2.0
558,9.060657728176912,533.8114521170787,0.297402837856794,0.11215772612570746,0.012579355529689203,0.9113521453972916,2.0
559,8.712050169211297,354.21108140225795,0.27193661272714326,0.1189279258646164,0.014143851550459694,0.924595812236623,2.0
560,8.993877392854376,352.850809889173,0.26723406633352537,0.12082650442982479,0.01459904417273047,0.9220173895689396,2.0
561,8.603806608282314,490.60533080162236,0.2920484827737565,0.0953733065028279,0.009096067593282353,0.8774006597970823,2.0
562,5.702504585496913,182.33717610891523,0.34769333571113914,0.09405151672511917,0.008845687798295372,0.870123684349913,2.0
563,5.960035133948177,153.16651166395414,0.33867920572234017,0.1257061331693335,0.015802031916386204,0.9335246111046958,2.0
564,8.759939548942105,459.643842517244,0.2851316421799455,0.09221413968226261,0.00850344755733984,0.8293722941283478,2.0
565,9.393035211449531,480.14531504301317,0.2811553195576937,0.11754160381964306,0.013816028628493926,0.9126061255058928,2.0
566,9.417293135963213,468.32235397452797,0.2694119456937002,0.11118418045031027,0.012361921982407155,0.9230828819360195,2.0
567,9.063893409801338,361.33436022630394,0.2705855499040513,0.09492646205025221,0.009011033197377971,0.9164460788677432,2.0
568,8.070442274406469,355.9152328915757,0.301792927103154,0.1193431735407718,0.014242793070782776,0.9172183432102091,2.0
569,8.715905861685911,507.1853961610995,0.30529307563822333,0.11238167800900414,0.012629641552119484,0.8996827433373211,2.0
570,7.472680771913508,330.69615593272874,0.30455456640432854,0.1165174944175087,0.013576326505334168,0.9277016941182173,2.0
571,7.344577488439381,288.8629711436617,0.30658014968037395,0.11967233529493776,0.014321467834944005,0.9334978723010754,2.0
572,7.994445736133716,412.2887183859052,0.30866436004106057,0.11730994366824066,0.013761622883445797,0.9090689119777031,2.0
573,7.267379679144384,438.6271538918598,0.3491870505639964,0.11414960106105276,0.0130301314223975,0.9157030786240957,2.0
574,7.750620010850189,316.92308636234463,0.3042486605710037,0.12004155420737143,0.014409974736521296,0.9273818929996276,2.0
575,8.222880983750548,318.93958769278464,0.2807422514734978,0.11863542235689166,0.01407436343779807,0.9292403771073916,2.0
576,7.253293807641634,265.9817678059366,0.3140376766998847,0.12363851772694219,0.015286483065715397,0.9241933171646629,2.0
577,7.363481360923815,264.00089126559703,0.30422760578887087,0.12266678159615958,0.015047139307159917,0.9232625361322566,2.0
578,5.909200702678963,236.4950076209667,0.3614167059443869,0.12142340696396556,0.014743643758736798,0.9130804588341477,2.0
579,9.916653749773955,994.7034604355574,0.33245832975245915,0.13174120972973538,0.017355746341054128,0.8649211794256014,2.0
580,8.64939032266398,551.3361169237128,0.3161114439994982,0.0941385488125811,0.008862066372538715,0.8866503216379514,2.0
581,8.22616187449947,519.6503267973856,0.32862058078302325,0.11421851250324641,0.013045868598454255,0.9041368657115143,2.0
582,9.731335090030742,850.0352308248729,0.30186053844868865,0.10420324948372636,0.010858317202967718,0.8694642942358765,2.0
583,8.9579555142215,641.9409181327339,0.30003379194013585,0.10707221244409279,0.011464458677672939,0.8953900314494007,2.0
584,7.825260275388152,463.3437443488594,0.32616901327681763,0.11488729168505998,0.013199089790728053,0.8904258662996009,2.0
585,7.302455501304607,421.58459918881914,0.34295501056311606,0.12110082623522457,0.014665410114854055,0.9049467385152808,2.0
586,8.494000103335143,633.470168436281,0.3278650492799112,0.10615719160091307,0.011269349328592967,0.8862554185625453,2.0
587,8.891904983337211,778.9218592575371,0.33183890223612733,0.10396444979173425,0.010808606820498032,0.8734686162845016,2.0
588,6.971104911002609,209.95349918623575,0.3189812355991127,0.10967115540709804,0.01202776232832785,0.9199586269777751,2.0
589,6.976885220491357,207.043252215247,0.31677861141059854,0.10445518453386789,0.010910885576004392,0.9158600669961647,2.0
590,8.474766850086544,504.58239040016537,0.3237646109791783,0.10468325759151698,0.010958584419971896,0.88486054845504,2.0
591,8.506225942287323,569.3590767005088,0.32498861675646823,0.10602196485260629,0.011240657031207283,0.8696142856618816,2.0
592,8.514189206644451,621.0579516391538,0.34070152573980395,0.11361297354127135,0.012907907756889625,0.8994534323864434,2.0
593,7.793148880105403,540.2813428401663,0.35304253564534016,0.11532399560160922,0.013299623961519982,0.9094636441150523,2.0
594,6.534533312666303,259.2677736443721,0.34007394634367677,0.1231155310944645,0.015157433996672055,0.9021354560319162,2.0
595,10.007278669043377,691.940937508073,0.2888534512227286,0.10837813010658885,0.0117458190854007,0.8808026075990748,2.0
596,10.409936965563563,753.8920729029423,0.2911028797478495,0.10609287195063481,0.011255697478733794,0.8927107300602982,2.0
597,8.030005941770646,743.9708465731484,0.3839244286470745,0.1096913735524312,0.012032197431819006,0.8967374316565119,2.0
598,7.889844738949598,319.76270376398253,0.3004621857729161,0.12099517233808793,0.014639831729123597,0.900402291638136,2.0
599,8.008286186674935,330.66833940427296,0.29772558405969196,0.12072882044367093,0.014575448085720135,0.8986748721080307,2.0
600,10.270505567180761,712.547327494898,0.2786629269567355,0.10759389891945306,0.011576447084689483,0.8458207422889111,2.0
601,11.097903588312798,850.5717856312486,0.2687487926375932,0.11455945304674321,0.013123868282368962,0.8477699742287138,2.0
602,8.836775685241163,371.5241739647111,0.2831341752555113,0.12114056534752914,0.014675036572718977,0.9141237907779528,2.0
603,9.503203389392647,560.1194941744815,0.2860709890159745,0.09477743511666868,0.008982762207294341,0.8825466794605352,2.0
604,7.862519052416752,275.13294711824125,0.2961859961902538,0.09510722697609865,0.009045384623083148,0.8942559228333102,2.0
605,9.49083546462063,406.5588945723217,0.2656375383394568,0.0911712804845542,0.008312202385193252,0.8934414719582905,2.0
606,9.140839339688444,618.5011043943268,0.312467266180556,0.10989628763552503,0.012077194036070053,0.9019078497836274,2.0
607,9.457535715208353,666.258499315405,0.30536869714142434,0.10597444625428236,0.01123058325890178,0.902062561545354,2.0
608,6.359935673874293,207.75391381849184,0.3164920484975566,0.1231313826905991,0.015161337403298768,0.9104430916730943,2.0
609,8.025807951639152,443.0705908186726,0.3110351636042253,0.11903672700641865,0.01416974237640064,0.861819830670543,2.0
610,8.626088248211012,523.4433142163322,0.3123472550267155,0.11263236274596762,0.012686049137739235,0.9153075224327523,2.0
611,8.504811542535327,486.0957077165517,0.3038289169628319,0.11254421102084027,0.012666199434303424,0.9180444696665736,2.0
612,8.495356377069932,632.5797553540519,0.3419812637853632,0.10935822416497411,0.011959221192516726,0.9002904106506343,2.0
613,7.462812265881319,656.3319124751349,0.4083071357487703,0.10951607719920184,0.011993771165101537,0.8871105209890886,2.0
614,7.336924229507351,526.8167092924127,0.37987228519477273,0.11403472643769205,0.013003918833719263,0.9019368316659444,2.0
615,8.829380764163373,612.3803379059134,0.30622535141531243,0.09930028445161071,0.0098605464921708,0.8405243949817187,2.0
616,5.26362086336511,171.16210700353923,0.36836746216652855,0.12590755358675434,0.015852712050201417,0.9186698125375703,2.0
617,8.699210777855278,671.6103296391019,0.31629183209612616,0.10910635020865744,0.011904195655854205,0.8910593015367941,2.0
618,6.9741145470045725,350.89464982303855,0.32939294242305356,0.11614970076549117,0.013490752987913138,0.915421871462482,2.0
619,7.224896019013666,566.7253093595806,0.3966842741721482,0.11193300438855272,0.012528997471447763,0.878368614393488,2.0
620,7.338842388075123,616.9270130977291,0.4079524739794595,0.11138039752373122,0.012405592952544392,0.881401528280835,2.0
621,8.405829393681056,350.8762367924772,0.2977851342461206,0.1268163901705891,0.016082396815899087,0.918789728787284,2.0
622,8.289235061613581,676.2289906740035,0.367173631546792,0.10923489965314352,0.011932263302232335,0.875700964642065,2.0
623,7.818633909426747,318.0535405202925,0.3094254181040895,0.12537261495256702,0.01571829258004463,0.9026066557175136,2.0
624,7.855395386085923,425.34287891704776,0.3218686474291988,0.12347872763794486,0.015246996179085768,0.8672286779019494,2.0
625,7.121954842543077,583.9377728693585,0.44620584450229744,0.11614450536886846,0.013489546127379114,0.8875763880480362,2.0
626,7.91141594977912,303.05027254643625,0.28893794137316575,0.12145668944694002,0.014751727411410431,0.9328280058093246,2.0
627,7.813815908445066,396.71757214084585,0.321033942531923,0.12182446900686668,0.01484120124880502,0.9126425864286152,2.0
628,9.192364824717764,531.3725683949469,0.30152983157769747,0.09609234229498939,0.009233738247737407,0.8885252658822277,2.0
629,9.997997881629592,674.99209486166,0.28767502597061934,0.11010549144631482,0.012123219246634506,0.8537051672333711,2.0
630,7.352902425792451,632.943656513989,0.42747777985193747,0.11002904882443808,0.012106391585210579,0.8912344118221336,2.0
631,5.760882482110103,180.75433361750493,0.38130969512557916,0.16529610777098813,0.02732280324423812,0.9399533429456916,2.0
632,7.818633909426747,318.0535405202925,0.3094254181040895,0.12537261495256702,0.01571829258004463,0.9026066557175136,2.0
633,8.289235061613581,676.2289906740035,0.367173631546792,0.10923489965314352,0.011932263302232335,0.875700964642065,2.0
634,2.166937921413625,31.515164432044227,0.5443551063435228,0.18987472340598374,0.036052410588498826,0.9801404680622728,2.0
635,8.682147562582344,338.35026092123286,0.28341499159853933,0.09491889468848975,0.009009596568884608,0.9215835774575915,2.0
636,9.10024154589372,456.76999534991864,0.29035119985167823,0.12125418294264112,0.014702576881087481,0.9167869904500495,2.0
637,8.81760701645612,618.6452827507816,0.3077334768191898,0.1079340971200834,0.011649769321127596,0.8994252207744068,2.0
638,8.289235061613581,676.2289906740035,0.367173631546792,0.10923489965314352,0.011932263302232335,0.875700964642065,2.0
639,7.813815908445066,396.71757214084585,0.321033942531923,0.12182446900686668,0.01484120124880502,0.9126425864286152,2.0
640,9.44214523754166,620.5545092872458,0.290094847070017,0.09679749985698868,0.009369755978563725,0.8902110574516188,2.0
641,7.1719690511250604,277.93450489550236,0.31878556881832576,0.12279419675964255,0.01507841475784581,0.9361087734128634,2.0
642,5.120915032679738,109.42069027874653,0.30712562498910506,0.08211268138425165,0.006742492444111629,0.9648451243459937,2.0
643,7.005237799994833,296.440265829652,0.33168743135240325,0.12429192724907581,0.015448483179289554,0.9074989352637453,2.0
644,9.774328967423598,663.83769924307,0.3004132219723168,0.11057357143464554,0.01222651469981266,0.8855510202602483,2.0
645,8.862919476090834,512.6404776666926,0.3040427251365733,0.11512327406822939,0.013253368232188659,0.9150236225949058,2.0
646,9.838868221860547,944.1681198170966,0.33760940035696485,0.1347246616244946,0.018150734449834567,0.8716404089282659,2.0
647,8.287691492934464,605.3875519904932,0.34488555484427225,0.10959690577439984,0.012011481755322679,0.8912601316628322,2.0
648,5.760882482110103,180.75433361750493,0.38130969512557916,0.16529610777098813,0.02732280324423812,0.9399533429456916,2.0
649,7.1719690511250604,277.93450489550236,0.31878556881832576,0.12279419675964255,0.01507841475784581,0.9361087734128634,2.0
650,9.1310677103516,842.9295641840398,0.39788220708360406,0.10869325411826924,0.011814223490818655,0.8533938206497306,2.0
651,6.7963587279444075,152.2036025213775,0.2904786139012874,0.09305839721276356,0.00865986529180848,0.9296065278377084,3.0
652,8.380428324162342,592.736960396807,0.3166884933801598,0.1008213879570554,0.010164952269587076,0.8638283318071667,3.0
653,11.339714278333203,680.8203906068354,0.2452939561165219,0.10011714787860687,0.010023443299346835,0.9047816692811217,3.0
654,10.454009403497896,793.1512116045365,0.2835713423068655,0.11271789802858895,0.012705324535983376,0.9066360065964785,3.0
655,9.633974011211864,723.5920457774679,0.30494002807415904,0.14863583144574322,0.022092610389567384,0.8725082460248605,3.0
656,15.950192461701416,884.1053630938543,0.2133352984838251,0.11402543490206903,0.013001799804605982,0.8949336747643284,3.0
657,7.070080601410524,218.3144423777416,0.30333461018074664,0.12268701881227977,0.01505210458504469,0.9247622175022747,3.0
658,9.289603193055878,861.2333372084012,0.31153283138459537,0.0947223642836851,0.008972326295491143,0.8380641287783192,3.0
659,8.911977834612106,793.8428724586014,0.31686171936074886,0.09382608132073217,0.008803333536004647,0.8495920735985493,3.0
660,8.75919682761115,722.9302294040145,0.3363407509742114,0.10167527883236692,0.010337862325639562,0.875289368654128,3.0
661,9.05222945568214,395.3834056679325,0.28101258269360585,0.11007306174106615,0.012116078921052561,0.8955019281199553,3.0
662,6.662429925857034,317.6272701438941,0.35778098827244365,0.12598439500529837,0.015872067784851052,0.9124122027553482,3.0
663,6.488439381022499,287.49195277584016,0.3414627165499791,0.1216069687319685,0.014788254844177964,0.9194365345612124,3.0
664,8.188812679221888,321.38790074659636,0.27529124920005243,0.09601803975077665,0.009219463957581725,0.9084047993275329,3.0
665,10.012038544007853,529.1288589216979,0.2531765925796788,0.09096404198394879,0.0082744569340576,0.8893446189044536,3.0
666,7.110697770544318,285.3658580691829,0.3113740378515228,0.12114376604933746,0.014675812052616609,0.9270922382070492,3.0
667,6.372180888165544,198.1705869436049,0.3305866839241546,0.12638243974930854,0.015972521076987607,0.9302581921949012,3.0
668,8.09908548399597,465.07932263814604,0.312494683165186,0.11176739462261158,0.012491950500726583,0.8937981264894138,3.0
669,7.91260430390865,427.3345216874628,0.3145494865772584,0.1157621273442307,0.013400870127261887,0.9075909981117701,3.0
670,8.706741326306544,574.9165116639541,0.3111114651610648,0.11149544960243594,0.012431235282049332,0.9056977049723942,3.0
671,8.876714717507554,710.6463031853054,0.33003758648770026,0.11197725533138009,0.01253890571154909,0.8652379097383266,3.0
672,8.767108424397428,421.1342840166369,0.3107952197012545,0.1226823521136654,0.015050959520141384,0.9021022791526555,3.0
673,9.265093389134307,481.6998759978299,0.3144961389238282,0.15591520290893185,0.024309550498133388,0.892875957065992,3.0
674,7.493205714433334,323.11193779224465,0.305400752769328,0.116938732196198,0.013674667087654115,0.9200351910018834,3.0
675,9.472570978325455,381.95948616600793,0.26754535059637746,0.1176380742341538,0.01383871650952028,0.9178785864153441,3.0
676,8.64108476064998,421.88229481515936,0.28569049622384124,0.0952255847876222,0.009067911998144626,0.8917138870422107,3.0
677,9.936423054070113,527.4612880725414,0.2727059056906689,0.09090692120586126,0.008264068323128667,0.8573659864953674,3.0
678,7.3450166627916,306.3235875377819,0.3116797472408239,0.12002901992886358,0.014406965625083533,0.9246241744202494,3.0
679,7.645515254850294,400.2526996305769,0.3115732752210871,0.11823077325734122,0.01397851574502883,0.8790690480021741,3.0
680,7.726375003229223,425.9072760856648,0.32267501673805205,0.11550530144271652,0.013341474661372811,0.9168442409306818,3.0
681,8.661900333255831,628.8956185899921,0.31316807093543997,0.10817290641588984,0.011701377682460861,0.8994470593094852,3.0
682,8.227511689787908,432.99720349272786,0.3020679107200284,0.09342451942320366,0.00872814082945656,0.8831401290954364,3.0
683,6.471860549226276,242.0360962566845,0.3335542016875254,0.0989914246929699,0.00979930216274393,0.8765223225462198,3.0
684,8.407870262729599,603.5476697925548,0.31541951124941,0.10758705816602315,0.01157497508481925,0.9063491348234484,3.0
685,8.838894055645975,558.4506122607145,0.30560054809242737,0.12350854582513625,0.01525436089183978,0.8816891962267519,3.0
686,5.652264331292465,112.7492185279909,0.30900214364299805,0.10449210335967078,0.010918599664528121,0.9472151019390246,3.0
687,9.002706089023226,575.5962889767238,0.3042246930761158,0.1115926068635601,0.012452909906605079,0.9073577313204234,3.0
688,6.375423028236329,283.83076933013,0.35103990454169515,0.12119348989136106,0.014687861992047435,0.9166365024871331,3.0
689,7.108237102482626,471.0288240460875,0.3704570454883061,0.11588448895303606,0.013429214779906338,0.9091034372825854,3.0
690,7.7863675114314495,325.20001808364975,0.289629442426776,0.09516291731705993,0.009055980832293585,0.9030277206817995,3.0
691,9.195891136428221,503.8889728486914,0.28891274116235316,0.09443180307796126,0.008917365432554853,0.8936152216691006,3.0
692,9.148376346586065,526.7214859593375,0.29680651448014383,0.10616325873744376,0.011270637505753429,0.8994198344097849,3.0
693,8.147581957684258,620.7558901030769,0.3438491041905491,0.11211958401945439,0.012570801120695491,0.9000478435274029,3.0
694,7.90316205533597,523.4030845539797,0.32813233725965674,0.11145514125511798,0.0124222485121983,0.9076982017154412,3.0
695,7.491397349453615,288.4557208917823,0.30892963367710313,0.12073958325365754,0.0145780469642669,0.9223435714821722,3.0
696,8.387435738458757,441.5936797643959,0.3100742349141551,0.12437267168436203,0.015468561461906108,0.8920792872963159,3.0
697,8.686397220284688,327.5457193417551,0.27394001013986774,0.09661839569463325,0.009335114386604724,0.9233052183314315,3.0
698,9.58791237179984,621.714588338629,0.2929234813588242,0.11469273671260011,0.01315442385462581,0.8616962464652332,3.0
699,9.118641659562376,551.2581182670696,0.3178171076897497,0.14346043710361323,0.020580897013959765,0.8952165092870752,3.0
700,8.376617840812216,641.042974502054,0.342437900511127,0.1086523978798904,0.011805343565050011,0.9030570635214075,3.0
701,8.095630215195431,399.0769136376553,0.2969521535881915,0.11982898195118133,0.01435898491545654,0.8802246608833565,3.0
702,9.287258777028597,315.9872768606784,0.25597614210126485,0.12049666964721079,0.01451944739606905,0.9328698450424419,3.0
703,9.70291146761735,829.9077088015707,0.2962230539504566,0.1008507116821352,0.010170866046793164,0.8558463152798783,3.0
704,9.607029373014026,537.4612493218631,0.28913741526341075,0.11093441343518698,0.012306444084208992,0.9103370341576567,3.0
705,11.123853625771787,995.4271551835492,0.2775423101214131,0.09712383762459638,0.009433039834928963,0.8239009581495288,3.0
706,11.700573510036426,635.0582164354543,0.25838518221122414,0.10870514352668399,0.011816808229156966,0.896061702443814,3.0
707,10.673867834353768,973.0799878581208,0.32904583867519144,0.1707014153482763,0.029138973201904738,0.8602581812369465,3.0
708,10.527687359528793,1001.5168500865433,0.3373304713659065,0.1647475409368118,0.02714175224472648,0.8644727029578929,3.0
709,7.700547676251001,366.1604665581647,0.315763046993042,0.11774115997671872,0.01386298075266327,0.9023545659993691,3.0
710,8.185344493528635,367.8737244568446,0.27690195537253376,0.09342067867153456,0.00872742320345011,0.8908575091735916,3.0
711,8.698719935932212,387.79314242165907,0.2778206933054396,0.09418721549900752,0.008871231563456483,0.8839808459540268,3.0
712,7.266914671006743,628.0301609444834,0.39131060379680654,0.10895115585505645,0.011870354362152802,0.905656846731599,3.0
713,7.644113771991011,641.3761915833527,0.36143307144915715,0.10925575554617743,0.011936820119966081,0.901320643731693,3.0
714,8.694883618796657,508.48843292257595,0.30839700184411484,0.11497974986304471,0.01322034287856833,0.8939075423032378,3.0
715,7.986321010617685,312.9423002402542,0.2905953713105844,0.12183774661121682,0.014844436499299077,0.9114230260627805,3.0
716,7.225671032576403,391.65943320674774,0.3286993993785348,0.09586727766246048,0.009190534926411293,0.8918062197940504,3.0
717,8.829819938515591,452.5472499935415,0.2992456591979676,0.10942351492514776,0.011973505618574036,0.9023757810693963,3.0
718,8.451878116200369,384.6227040223205,0.2811582212476979,0.09409255947970795,0.008853409749442378,0.8743830100974332,3.0
719,10.803133638172001,657.1423958252603,0.24908667172810625,0.10624485203352163,0.011287968583624904,0.8516975493066713,3.0
720,9.076997597457956,658.2649513033145,0.3043445629555867,0.10540486862078702,0.011110186328965372,0.9047887034639032,3.0
721,8.866620165852904,456.0287142524994,0.29701957158546455,0.10188447635796015,0.010380446522735742,0.876839713909115,3.0
722,7.249425198274302,186.03070345397708,0.27801432509940127,0.09377398906530403,0.00879356102521976,0.9145702368626212,3.0
723,8.280206153607688,359.9373918210236,0.2827973339312744,0.09611608589996402,0.009238301968729263,0.9169450336501036,3.0
724,8.384464853134928,356.04072050427544,0.28290811378317443,0.10402462945282656,0.010821123532797872,0.9189004701415764,3.0
725,7.4711630370198145,456.97952026660465,0.3381759345630604,0.11706692440250524,0.013704664789061878,0.9113321700258892,3.0
726,6.823910460099719,356.59382185021565,0.33319148645145874,0.0934877778587946,0.008739964608975326,0.8720267583741812,3.0
727,7.246124932186314,347.17103903484974,0.3279937454548477,0.12181331298866599,0.014838483221274701,0.8935308677609816,3.0
728,7.976717300886099,506.3939587692784,0.3331825993015662,0.11349365220219906,0.012880809090193724,0.8952345194871594,3.0
729,7.8941396057764335,367.7368635201117,0.30999920696036537,0.1197119599269484,0.0143309533495513,0.9137890042852737,3.0
730,6.954829626185125,252.56605698933066,0.320562345214505,0.12384843713313286,0.015338435380319563,0.9228450374309585,3.0
731,9.477317936397222,557.400966183575,0.2721831794686581,0.09208677869988585,0.00847997481132175,0.8769431805554229,3.0
732,10.444644656281483,871.2983091787439,0.2868396916848638,0.10243048581871522,0.010492004425058021,0.8692301661724925,3.0
733,7.838661551577152,458.6049820455191,0.31586819068096844,0.11628014893359742,0.013521073036019597,0.9108589441536366,3.0
734,8.750335839210518,458.4601578444289,0.28273107639615375,0.11233785798200692,0.012619794335985557,0.9181529373767977,3.0
735,8.731748430597538,555.0473468702369,0.3048634093792074,0.11263446066531589,0.012686521729366594,0.9079809206886272,3.0
736,8.1699604743083,348.67006380944997,0.2960654404468443,0.11580909719230809,0.013411746992497461,0.9251170399473911,3.0
737,10.204932961326827,630.0813828825338,0.2565193053708361,0.10847951834285466,0.011767805899897739,0.9179609667969406,3.0
738,6.998430597535454,207.0126391795189,0.31111235327029935,0.12503817802991682,0.01563454596504117,0.9296841683142395,3.0
739,6.772707897388204,291.58294582655196,0.33499531354561246,0.09457894680477527,0.008945177178700511,0.849453429189262,3.0
740,7.830439949365779,513.801880699579,0.33409432678466433,0.11001554053433929,0.01210341915906285,0.9112588404288181,3.0
741,8.358424397426953,404.0087770285981,0.2985959347669686,0.1163812691049044,0.013544599798468176,0.9148839841053942,3.0
742,7.931889224728099,395.7973468702369,0.2927776051474304,0.09251192543031052,0.008558456346823333,0.8998829499733807,3.0
743,8.855111214446254,922.3997907463382,0.3635960974764316,0.13272521695952025,0.01761598321695172,0.8601642682843602,3.0
744,7.358405022087888,385.516701542277,0.3279061101008912,0.09945815698669422,0.009891924991189913,0.8636446843840856,3.0
745,9.958065307809557,515.6966015655273,0.26406431342539927,0.11305105095179485,0.012780540121305315,0.9196256188575341,3.0
746,9.410498850396547,826.9244878452038,0.31210531319232443,0.10494549122237605,0.011013556127905808,0.8581731997016001,3.0
747,8.314784675398485,616.9652148079258,0.32995705983018003,0.11155454879030874,0.012444417355809373,0.9092419747216388,3.0
748,7.263078353871194,434.021054535121,0.33686123453175126,0.11536044683078119,0.013308032692997492,0.9129274095273425,3.0
749,9.491255263633779,320.0255883644629,0.258287006654816,0.11444764192604802,0.013098262742432904,0.9517081469110757,3.0
750,9.81722596812111,415.3847942338991,0.2526814058309673,0.11376449293769497,0.01294235985337085,0.9310726097211542,3.0
751,7.821559585626082,414.6424797850629,0.3222496264335813,0.11920898200533533,0.014210781390748363,0.910669100753314,3.0
752,8.03566354077863,600.0264796300603,0.3566591891947031,0.11468988332962614,0.013153769338163257,0.9036781605407185,3.0
753,6.766817794311399,243.61457929680435,0.3350519367559612,0.1291323283001376,0.01667515821221452,0.9258473171035395,3.0
754,2.297101449275362,22.3446485313493,0.5653971029393607,0.2388153091176841,0.057032751868975,0.9866718080122979,3.0
755,7.166078948048257,419.91126740551294,0.3490248776767617,0.12096869681814797,0.014633425609881004,0.9161412699090176,3.0
756,9.77870133560671,378.7130835206283,0.23563306831148773,0.0876953159052782,0.007690468431726539,0.9107630842606751,3.0
757,8.80157715260017,439.800014208582,0.3277102860244891,0.15486439682471795,0.023982981403883708,0.9019789491559413,3.0
758,7.550401715363352,357.7756077398021,0.2887114456813954,0.09814087542570604,0.009631631429323951,0.8835330033624814,3.0
759,7.57940013950244,390.63521403291224,0.3051227888453376,0.10179388155669668,0.010361994322378793,0.8731141534725508,3.0
760,10.520699320571444,618.1879601643029,0.25305732721810403,0.10644501562667016,0.011330541351762057,0.8597404084142097,3.0
761,10.27505877186184,921.9672621354205,0.3456639031638627,0.1655490827649905,0.027406498804329677,0.8751056327152485,3.0
762,7.917590224495595,277.6415691441268,0.31931599102940866,0.1584899858575836,0.025119075617137044,0.9432368566192358,3.0
763,10.29107571882508,893.5732969076961,0.340441873056808,0.17078697098627338,0.02916818945866619,0.8712315171578682,3.0
764,8.669663385775918,685.3677826861971,0.348928072428037,0.11476994195069133,0.013172139575365057,0.8702014000082899,3.0
765,8.062795473920794,362.7429473765792,0.300354642196641,0.0956569385338452,0.009150249889667839,0.881138833893483,3.0
766,7.819919140251621,485.6686106590198,0.3465140605548534,0.1162749163178307,0.013519856164718532,0.8995639260692416,3.0
767,9.39501795448087,514.8368273528118,0.29698125853152,0.11387245604071083,0.012966936244743621,0.9141103997491485,3.0
768,7.174268258027849,295.37004960086796,0.32302369944565246,0.1251955309959151,0.015673920981349142,0.9274050062904099,3.0
769,6.501763155855227,306.1571792089694,0.3765062855617406,0.1309495891098326,0.017147794888033988,0.9156838259782538,3.0
770,8.771965176057249,880.4431398382806,0.3772406105787774,0.13883601356499148,0.019275438662618497,0.8664978345035659,3.0
771,8.463994161564493,439.1002415458937,0.2905387899746798,0.11487355167524892,0.013195932874486083,0.9218137583176558,3.0
772,9.735152031827225,495.22011676871017,0.2717107870321165,0.11701768873290602,0.01369313947639128,0.9229620793335752,3.0
773,8.563835283784133,688.0655532305149,0.3546715231440069,0.10530388667043458,0.011088908547899729,0.8814456003887675,3.0
774,10.08551628820171,820.5393125629698,0.296940386123658,0.1025595233661773,0.010518455833097465,0.8761599119301723,3.0
775,9.621057118499571,500.1573535870209,0.26151721270939093,0.09268103528531395,0.008589774301557608,0.8955604384108385,3.0
776,10.29107571882508,893.5732969076961,0.340441873056808,0.17078697098627338,0.02916818945866619,0.8712315171578682,3.0
777,8.03566354077863,600.0264796300603,0.3566591891947031,0.11468988332962614,0.013153769338163257,0.9036781605407185,3.0
778,9.77870133560671,378.7130835206283,0.23563306831148773,0.0876953159052782,0.007690468431726539,0.9107630842606751,3.0
779,8.492676121832131,426.2019685344494,0.3153517328642677,0.11402851350898048,0.013002501893067744,0.9080913905018017,3.0
780,6.551887158025266,337.0435815960113,0.3571466459625732,0.09644584174137007,0.009301800389201401,0.8786347455339106,3.0
781,0.0,0.0,0.0,0.0,0.0,0.0,0.0
782,0.0,0.0,0.0,0.0,0.0,0.0,0.0
783,0.0,0.0,0.0,0.0,0.0,0.0,0.0
784,0.0,0.0,0.0,0.0,0.0,0.0,0.0
